-- phpMyAdmin SQL Dump
-- version 4.9.1
-- https://www.phpmyadmin.net/
--
-- Hôte : localhost
-- Généré le :  mer. 29 sep. 2021 à 10:50
-- Version du serveur :  8.0.18
-- Version de PHP :  7.3.11

SET SQL_MODE = "NO_AUTO_VALUE_ON_ZERO";
SET AUTOCOMMIT = 0;
START TRANSACTION;
SET time_zone = "+00:00";


/*!40101 SET @OLD_CHARACTER_SET_CLIENT=@@CHARACTER_SET_CLIENT */;
/*!40101 SET @OLD_CHARACTER_SET_RESULTS=@@CHARACTER_SET_RESULTS */;
/*!40101 SET @OLD_COLLATION_CONNECTION=@@COLLATION_CONNECTION */;
/*!40101 SET NAMES utf8mb4 */;

--
-- Base de données :  `cakecmstuto_v0_4_1`
--

-- --------------------------------------------------------

--
-- Structure de la table `articles`
--

CREATE TABLE `articles` (
  `id` int(11) NOT NULL,
  `user_id` int(11) NOT NULL,
  `obec_city_id` int(11) NOT NULL DEFAULT '3998',
  `title` varchar(255) NOT NULL,
  `slug` varchar(191) NOT NULL,
  `body` text,
  `image` varchar(255) CHARACTER SET utf8mb4 COLLATE utf8mb4_0900_ai_ci DEFAULT NULL,
  `published` tinyint(1) DEFAULT '0',
  `created` datetime DEFAULT NULL,
  `modified` datetime DEFAULT NULL
) ENGINE=InnoDB DEFAULT CHARSET=utf8mb4 COLLATE=utf8mb4_0900_ai_ci;

--
-- Déchargement des données de la table `articles`
--

INSERT INTO `articles` (`id`, `user_id`, `obec_city_id`, `title`, `slug`, `body`, `image`, `published`, `created`, `modified`) VALUES
(1, 1, 3998, 'First Post', 'first-post', 'This is the first post.', '', 1, '2021-08-22 14:29:17', '2021-08-22 14:29:17'),
(2, 1, 3998, 'Nouvel article ajouté modifié', 'Nouvel-article-ajoute', 'Voici le texte du nouvel article modifié', '', 0, '2021-08-22 19:22:27', '2021-08-22 19:59:36'),
(5, 1, 3998, 'Comme section précédente? ', 'Comme-section-precedente', 'Texte Comme section précédente? ', '', 1, '2021-08-30 09:04:34', '2021-08-30 09:08:02'),
(7, 2, 3998, 'de l\'admin 2', 'de-l-admin-2', 'article de l\'admin 2', '', 1, '2021-08-30 13:01:40', '2021-09-08 09:05:12'),
(11, 2, 3998, 'Avec une image?', 'Avec-une-image', 'On ajoute une image', 'etudiants-atrium_3537.png', 1, '2021-09-10 15:54:08', '2021-09-10 15:54:08'),
(18, 2, 3998, 'Essai d\'ajout en anglais', 'Essai-d-ajout-en-anglais', 'Ajout en anglais', '', 0, '2021-09-23 14:38:45', '2021-09-23 14:39:11'),
(21, 2, 2626, 'Avec la ville', 'Avec-la-ville', 'Autocomplétion de la ville', '', 0, '2021-09-29 08:55:20', '2021-09-29 08:55:20');

-- --------------------------------------------------------

--
-- Structure de la table `articles_tags`
--

CREATE TABLE `articles_tags` (
  `article_id` int(11) NOT NULL,
  `tag_id` int(11) NOT NULL
) ENGINE=InnoDB DEFAULT CHARSET=utf8mb4 COLLATE=utf8mb4_general_ci;

--
-- Déchargement des données de la table `articles_tags`
--

INSERT INTO `articles_tags` (`article_id`, `tag_id`) VALUES
(1, 1),
(7, 1),
(2, 2),
(5, 2),
(1, 3),
(7, 3);

-- --------------------------------------------------------

--
-- Structure de la table `i18n`
--

CREATE TABLE `i18n` (
  `id` int(11) NOT NULL,
  `locale` varchar(6) CHARACTER SET utf8mb4 COLLATE utf8mb4_general_ci NOT NULL,
  `model` varchar(255) CHARACTER SET utf8mb4 COLLATE utf8mb4_general_ci NOT NULL,
  `foreign_key` int(10) NOT NULL,
  `field` varchar(255) CHARACTER SET utf8mb4 COLLATE utf8mb4_general_ci NOT NULL,
  `content` text CHARACTER SET utf8mb4 COLLATE utf8mb4_general_ci
) ENGINE=InnoDB DEFAULT CHARSET=utf8mb4 COLLATE=utf8mb4_general_ci;

--
-- Déchargement des données de la table `i18n`
--

INSERT INTO `i18n` (`id`, `locale`, `model`, `foreign_key`, `field`, `content`) VALUES
(1, 'en_US', 'Articles', 7, 'title', 'From admin 2'),
(2, 'en_US', 'Articles', 7, 'body', 'article from admin 2'),
(3, 'en_US', 'Articles', 14, 'title', 'Avec une image in english'),
(6, 'en_US', 'Articles', 18, 'title', 'Essai d\'ajout en anglais EN'),
(7, 'en_US', 'Articles', 18, 'body', 'Ajout en anglais EN');

-- --------------------------------------------------------

--
-- Structure de la table `kraj_regions`
--

CREATE TABLE `kraj_regions` (
  `id` int(11) NOT NULL COMMENT 'ID kraj_regione',
  `kod` varchar(7) CHARACTER SET utf8 COLLATE utf8_czech_ci NOT NULL COMMENT 'Kód kraj_regione',
  `nazev` varchar(80) CHARACTER SET utf8 COLLATE utf8_czech_ci NOT NULL COMMENT 'Název kraj_regione'
) ENGINE=InnoDB DEFAULT CHARSET=utf8 COLLATE=utf8_czech_ci COMMENT='kraj_region';

--
-- Déchargement des données de la table `kraj_regions`
--

INSERT INTO `kraj_regions` (`id`, `kod`, `nazev`) VALUES
(1, 'CZ041', 'Karlovarský kraj'),
(2, 'CZ020', 'Stredoceský kraj'),
(3, 'CZ031', 'Jihoceský kraj'),
(4, 'CZ064', 'Jihomoravský kraj'),
(5, 'CZ052', 'Královéhradecký kraj'),
(6, 'CZ053', 'Pardubický kraj'),
(7, 'CZ080', 'Moravskoslezský kraj'),
(8, 'CZ051', 'Liberecký kraj'),
(9, 'CZ071', 'Olomoucký kraj'),
(10, 'CZ063', 'Kraj Vysocina'),
(11, 'CZ042', 'Ústecký kraj'),
(12, 'CZ072', 'Zlínský kraj'),
(13, 'CZ032', 'Plzenský kraj'),
(14, 'CZ010', 'Hlavní mesto Praha');

-- --------------------------------------------------------

--
-- Structure de la table `obec_cities`
--

CREATE TABLE `obec_cities` (
  `id` int(11) NOT NULL COMMENT 'ID obce',
  `kraj_region_id` int(11) NOT NULL COMMENT 'kraj_region',
  `okres_county_id` int(11) NOT NULL COMMENT 'okres_county',
  `kod` varchar(11) CHARACTER SET utf8 COLLATE utf8_czech_ci NOT NULL COMMENT 'Kód obce',
  `nazev` varchar(80) CHARACTER SET utf8 COLLATE utf8_czech_ci NOT NULL COMMENT 'Název obce'
) ENGINE=InnoDB DEFAULT CHARSET=utf8 COLLATE=utf8_czech_ci COMMENT='obec_city';

--
-- Déchargement des données de la table `obec_cities`
--

INSERT INTO `obec_cities` (`id`, `kraj_region_id`, `okres_county_id`, `kod`, `nazev`) VALUES
(1, 1, 1, '554979', 'Abertamy'),
(2, 2, 2, '531367', 'Adamov'),
(3, 3, 3, '535826', 'Adamov'),
(4, 4, 4, '581291', 'Adamov'),
(5, 5, 5, '547786', 'Adršpach'),
(6, 6, 6, '547981', 'Albrechtice'),
(7, 7, 7, '598925', 'Albrechtice'),
(8, 5, 8, '576077', 'Albrechtice nad Orlicí'),
(9, 3, 9, '549258', 'Albrechtice nad Vltavou'),
(10, 8, 10, '563528', 'Albrechtice v Jizerských horách'),
(11, 7, 11, '568741', 'Albrechticky'),
(12, 9, 12, '506761', 'Alojzov'),
(13, 1, 1, '538001', 'Andelská Hora'),
(14, 7, 13, '551929', 'Andelská Hora'),
(15, 6, 6, '573426', 'Anenská Studánka'),
(16, 4, 14, '586030', 'Archlebov'),
(17, 10, 15, '509388', 'Arneštovice'),
(18, 10, 16, '586854', 'Arnolec'),
(19, 11, 17, '562343', 'Arnoltice'),
(20, 1, 18, '554499', 'Aš'),
(21, 3, 19, '537241', 'Babice'),
(22, 2, 20, '538043', 'Babice'),
(23, 9, 21, '552356', 'Babice'),
(24, 5, 22, '569828', 'Babice'),
(25, 10, 23, '590274', 'Babice'),
(26, 12, 24, '592013', 'Babice'),
(27, 4, 25, '582794', 'Babice nad Svitavou'),
(28, 4, 25, '582808', 'Babice u Rosic'),
(29, 13, 26, '553433', 'Babylon'),
(30, 10, 15, '561118', 'Bácovice'),
(31, 5, 27, '553701', 'Bacalky'),
(32, 5, 8, '576085', 'Bacetín'),
(33, 10, 23, '590282', 'Bacice'),
(34, 10, 28, '546194', 'Backov'),
(35, 10, 23, '544833', 'Backovice'),
(36, 2, 29, '535427', 'Bakov nad Jizerou'),
(37, 10, 30, '595217', 'Baliny'),
(38, 3, 31, '563251', 'Balkova Lhota'),
(39, 6, 32, '572560', 'Banín'),
(40, 12, 24, '592021', 'Bánov'),
(41, 3, 33, '562726', 'Bánovice'),
(42, 4, 34, '593729', 'Bantice'),
(43, 5, 22, '569836', 'Barchov'),
(44, 6, 35, '574724', 'Barchov'),
(45, 2, 36, '533173', 'Barchovice'),
(46, 7, 11, '599212', 'Bartošovice'),
(47, 5, 8, '576093', 'Bartošovice v Orlických horách'),
(48, 10, 28, '548260', 'Bartoušov'),
(49, 12, 37, '588300', 'Barice-Velké Tešany'),
(50, 7, 38, '598011', 'Baška'),
(51, 5, 27, '572667', 'Bašnice'),
(52, 2, 20, '538051', 'Bašt'),
(53, 10, 16, '586862', 'Batelov'),
(54, 5, 39, '579041', 'Batnovice'),
(55, 3, 40, '550809', 'Bavorov'),
(56, 4, 41, '584304', 'Bavory'),
(57, 2, 42, '534421', 'Bavoryne'),
(58, 13, 43, '566756', 'Bdeneves'),
(59, 2, 44, '565423', 'Bdín'),
(60, 3, 3, '536156', 'Becice'),
(61, 3, 31, '563366', 'Becice'),
(62, 11, 45, '567043', 'Becov'),
(63, 1, 1, '554995', 'Becov nad Teplou'),
(64, 2, 36, '533181', 'Becváry'),
(65, 9, 12, '589268', 'Bedihošt'),
(66, 3, 33, '562548', 'Bednárec'),
(67, 3, 33, '561053', 'Bednárecek'),
(68, 8, 10, '563536', 'Bedrichov'),
(69, 4, 4, '581313', 'Bedrichov'),
(70, 13, 46, '541842', 'Beharov'),
(71, 4, 34, '593737', 'Beharovice'),
(72, 5, 27, '572675', 'Bechary'),
(73, 11, 47, '564575', 'Bechlín'),
(74, 3, 31, '552054', 'Bechyne'),
(75, 7, 48, '512974', 'Belá'),
(76, 10, 15, '561126', 'Belá'),
(77, 10, 28, '573566', 'Belá'),
(78, 8, 49, '576972', 'Belá'),
(79, 13, 26, '553441', 'Belá nad Radbuzou'),
(80, 6, 32, '572586', 'Belá nad Svitavou'),
(81, 2, 29, '535443', 'Belá pod Bezdezem'),
(82, 9, 50, '523917', 'Belá pod Pradedem'),
(83, 6, 32, '505391', 'Belá u Jevícka'),
(84, 3, 40, '550817', 'Belcice'),
(85, 2, 51, '535010', 'Belec'),
(86, 3, 31, '560448', 'Belec'),
(87, 4, 25, '581321', 'Belec'),
(88, 5, 22, '569852', 'Belec nad Orlicí'),
(89, 9, 21, '500526', 'Belkovice-Laštany'),
(90, 2, 51, '532070', 'Beloky'),
(91, 9, 52, '512231', 'Belotín'),
(92, 12, 53, '588318', 'Belov'),
(93, 2, 36, '533190', 'Belušice'),
(94, 11, 45, '567051', 'Belušice'),
(95, 5, 22, '569861', 'Benátky'),
(96, 6, 32, '577774', 'Benátky'),
(97, 2, 29, '535451', 'Benátky nad Jizerou'),
(98, 8, 49, '576981', 'Benecko'),
(99, 2, 54, '529303', 'Benešov'),
(100, 4, 4, '581330', 'Benešov'),
(101, 3, 55, '545406', 'Benešov nad Cernou'),
(102, 11, 17, '562351', 'Benešov nad Ploucnicí'),
(103, 8, 49, '576999', 'Benešov u Semil'),
(104, 13, 56, '560723', 'Benešovice'),
(105, 10, 23, '590304', 'Benetice'),
(106, 9, 52, '512281', 'Benov'),
(107, 2, 2, '531111', 'Bernardov'),
(108, 9, 50, '524891', 'Bernartice'),
(109, 2, 54, '532568', 'Bernartice'),
(110, 3, 9, '549266', 'Bernartice'),
(111, 5, 39, '579050', 'Bernartice'),
(112, 7, 11, '568481', 'Bernartice nad Odrou'),
(113, 2, 42, '531057', 'Beroun'),
(114, 2, 57, '537021', 'Berunice'),
(115, 2, 51, '532088', 'Berovice'),
(116, 3, 55, '545414', 'Besednice'),
(117, 6, 6, '553760', 'Bestovice'),
(118, 6, 58, '571181', 'Bestvina'),
(119, 13, 46, '555797', 'Bešiny'),
(120, 2, 42, '531073', 'Beštín'),
(121, 6, 32, '574309', 'Bezdecí u Trnávky'),
(122, 3, 40, '598895', 'Bezdedovice'),
(123, 13, 59, '541095', 'Bezdekov'),
(124, 10, 28, '548430', 'Bezdekov'),
(125, 13, 46, '555801', 'Bezdekov'),
(126, 6, 35, '574741', 'Bezdekov'),
(127, 5, 5, '573884', 'Bezdekov nad Metují'),
(128, 2, 60, '529672', 'Bezdekov pod Tremšínem'),
(129, 8, 61, '561398', 'Bezdez'),
(130, 13, 56, '560740', 'Bezdružice'),
(131, 4, 34, '593745', 'Bezkov'),
(132, 12, 37, '588326', 'Bezmerov'),
(133, 2, 29, '535478', 'Bezno'),
(134, 9, 52, '512401', 'Bezuchov'),
(135, 13, 43, '558656', 'Bezverov'),
(136, 8, 62, '563901', 'Bílá'),
(137, 7, 38, '598020', 'Bílá'),
(138, 2, 29, '565750', 'Bílá Hlína'),
(139, 9, 21, '500623', 'Bílá Lhota'),
(140, 5, 39, '579068', 'Bílá Tremešná'),
(141, 9, 50, '525227', 'Bílá Voda'),
(142, 7, 13, '597198', 'Bílcice'),
(143, 2, 2, '533971', 'Bílé Podolí'),
(144, 5, 39, '579076', 'Bílé Policany'),
(145, 11, 63, '562980', 'Bílence'),
(146, 2, 51, '535125', 'Bílichov'),
(147, 11, 64, '567451', 'Bílina'),
(148, 2, 54, '530743', 'Bílkovice'),
(149, 13, 43, '530239', 'Bílov'),
(150, 7, 11, '546984', 'Bílov'),
(151, 7, 11, '599247', 'Bílovec'),
(152, 12, 24, '592030', 'Bílovice'),
(153, 4, 25, '582824', 'Bílovice nad Svitavou'),
(154, 9, 12, '589276', 'Bílovice-Lutotín'),
(155, 3, 40, '550833', 'Bílsko'),
(156, 9, 21, '552062', 'Bílsko'),
(157, 5, 27, '548901', 'Bílsko u Horic'),
(158, 10, 16, '586889', 'Bílý Kámen'),
(159, 8, 62, '563919', 'Bílý Kostel nad Nisou'),
(160, 8, 62, '546631', 'Bílý Potok'),
(161, 5, 8, '576107', 'Bílý Újezd'),
(162, 13, 46, '578088', 'Birkov'),
(163, 4, 25, '582832', 'Biskoupky'),
(164, 6, 32, '572519', 'Biskupice'),
(165, 6, 58, '573949', 'Biskupice'),
(166, 12, 53, '585076', 'Biskupice'),
(167, 9, 12, '589284', 'Biskupice'),
(168, 10, 23, '590312', 'Biskupice-Pulkov'),
(169, 2, 29, '535486', 'Bítouchov'),
(170, 7, 11, '554936', 'Bítov'),
(171, 4, 34, '593753', 'Bítov'),
(172, 6, 58, '505005', 'Bítovany'),
(173, 10, 16, '586897', 'Bítovcice'),
(174, 11, 65, '565997', 'Bitozeves'),
(175, 4, 34, '593761', 'Blanné'),
(176, 4, 4, '581283', 'Blansko'),
(177, 8, 61, '561401', 'Blatce'),
(178, 9, 21, '500801', 'Blatec'),
(179, 3, 40, '550850', 'Blatná'),
(180, 13, 43, '558672', 'Blatnice'),
(181, 10, 23, '590321', 'Blatnice'),
(182, 4, 14, '586048', 'Blatnice pod Svatým Antonínkem'),
(183, 4, 14, '586056', 'Blatnicka'),
(184, 11, 63, '562998', 'Blatno'),
(185, 11, 65, '566004', 'Blatno'),
(186, 12, 37, '542318', 'Blazice'),
(187, 3, 33, '561711', 'Blažejov'),
(188, 2, 54, '532380', 'Blažejovice'),
(189, 11, 65, '566012', 'Blažim'),
(190, 13, 43, '566764', 'Blažim'),
(191, 10, 30, '595241', 'Blažkov'),
(192, 4, 25, '582841', 'Blažovice'),
(193, 5, 22, '569879', 'Blešno'),
(194, 2, 51, '532100', 'Blevice'),
(195, 10, 30, '595250', 'Blízkov'),
(196, 13, 26, '553450', 'Blížejov'),
(197, 8, 61, '561410', 'Blíževedly'),
(198, 4, 34, '593770', 'Blížkovice'),
(199, 13, 66, '557587', 'Blovice'),
(200, 11, 65, '566021', 'Blšany'),
(201, 11, 65, '542547', 'Blšany u Loun'),
(202, 4, 25, '582859', 'Blucina'),
(203, 9, 67, '525588', 'Bludov'),
(204, 2, 2, '530964', 'Bludov'),
(205, 2, 57, '537039', 'Bobnice'),
(206, 10, 30, '595268', 'Bobrová'),
(207, 10, 30, '595276', 'Bobruvka'),
(208, 7, 38, '511633', 'Bocanovice'),
(209, 5, 27, '572705', 'Bohánka'),
(210, 5, 22, '569887', 'Boharyne'),
(211, 4, 68, '592897', 'Bohaté Málkovice'),
(212, 8, 61, '561428', 'Bohatice'),
(213, 10, 30, '595284', 'Bohdalec'),
(214, 4, 68, '592901', 'Bohdalice-Pavlovice'),
(215, 10, 15, '547549', 'Bohdalín'),
(216, 10, 30, '595292', 'Bohdalov'),
(217, 3, 55, '536253', 'Bohdalovice'),
(218, 2, 2, '533980', 'Bohdanec'),
(219, 5, 8, '576115', 'Bohdašín'),
(220, 9, 67, '525804', 'Bohdíkov'),
(221, 2, 60, '564559', 'Bohostice'),
(222, 3, 19, '550116', 'Bohumilice'),
(223, 7, 7, '599051', 'Bohumín'),
(224, 3, 19, '537527', 'Bohunice'),
(225, 6, 32, '577812', 'Bohunov'),
(226, 10, 30, '595306', 'Bohunov'),
(227, 9, 21, '500852', 'Bohunovice'),
(228, 6, 32, '577821', 'Bohunovice'),
(229, 7, 48, '506192', 'Bohuslavice'),
(230, 9, 67, '525880', 'Bohuslavice'),
(231, 5, 5, '573892', 'Bohuslavice'),
(232, 10, 16, '586901', 'Bohuslavice'),
(233, 9, 12, '589292', 'Bohuslavice'),
(234, 12, 53, '557102', 'Bohuslavice nad Vlárí'),
(235, 12, 53, '585092', 'Bohuslavice u Zlína'),
(236, 9, 52, '569178', 'Bohuslávky'),
(237, 10, 23, '550400', 'Bohušice'),
(238, 7, 13, '597201', 'Bohušov'),
(239, 11, 47, '564591', 'Bohušovice nad Ohrí'),
(240, 4, 34, '593788', 'Bohutice'),
(241, 9, 67, '525979', 'Bohutín'),
(242, 2, 60, '539953', 'Bohutín'),
(243, 13, 43, '566471', 'Bohy'),
(244, 9, 52, '512532', 'Bochor'),
(245, 1, 1, '555029', 'Bochov'),
(246, 10, 23, '590347', 'Bochovice'),
(247, 6, 58, '571202', 'Bojanov'),
(248, 2, 69, '539104', 'Bojanovice'),
(249, 4, 34, '593796', 'Bojanovice'),
(250, 10, 28, '568457', 'Bojište'),
(251, 12, 24, '592048', 'Bojkovice'),
(252, 7, 48, '506214', 'Bolatice'),
(253, 11, 63, '563005', 'Bolebor'),
(254, 5, 8, '576123', 'Bolehošt'),
(255, 4, 41, '584321', 'Boleradice'),
(256, 13, 46, '555835', 'Bolešiny'),
(257, 3, 55, '545422', 'Boletice'),
(258, 13, 66, '540463', 'Bolkov'),
(259, 10, 28, '573558', 'Bonkov'),
(260, 13, 56, '560758', 'Bor'),
(261, 6, 58, '547867', 'Bor u Skutce'),
(262, 4, 25, '595314', 'Borac'),
(263, 7, 11, '568431', 'Bordovice'),
(264, 2, 29, '535508', 'Borec'),
(265, 2, 20, '534684', 'Borek'),
(266, 3, 3, '544272', 'Borek'),
(267, 5, 27, '548979', 'Borek'),
(268, 10, 28, '568465', 'Borek'),
(269, 6, 35, '574783', 'Borek'),
(270, 4, 41, '584339', 'Borkovany'),
(271, 3, 31, '552097', 'Borkovice'),
(272, 5, 8, '576131', 'Borohrádek'),
(273, 2, 60, '539970', 'Borotice'),
(274, 4, 34, '593800', 'Borotice'),
(275, 3, 31, '552101', 'Borotín'),
(276, 4, 4, '581356', 'Borotín'),
(277, 5, 5, '573906', 'Borová'),
(278, 6, 32, '577839', 'Borová'),
(279, 3, 19, '545902', 'Borová Lada'),
(280, 3, 3, '544281', 'Borovany'),
(281, 3, 9, '598780', 'Borovany'),
(282, 10, 16, '587184', 'Borovná'),
(283, 2, 54, '532096', 'Borovnice'),
(284, 3, 3, '535681', 'Borovnice'),
(285, 5, 8, '576140', 'Borovnice'),
(286, 5, 39, '579092', 'Borovnice'),
(287, 10, 30, '595322', 'Borovnice'),
(288, 5, 39, '548821', 'Borovnicka'),
(289, 4, 25, '595331', 'Borovník'),
(290, 13, 66, '566705', 'Borovno'),
(291, 13, 66, '542156', 'Borovy'),
(292, 12, 24, '592064', 'Boršice'),
(293, 12, 24, '592056', 'Boršice u Blatnice'),
(294, 10, 16, '586927', 'Boršov'),
(295, 3, 3, '544299', 'Boršov nad Vltavou'),
(296, 6, 32, '572632', 'Borušov'),
(297, 10, 30, '595641', 'Bory'),
(298, 2, 20, '538086', 'Boranovice'),
(299, 12, 37, '549690', 'Borenovice'),
(300, 10, 15, '561240', 'Boretice'),
(301, 4, 41, '584347', 'Boretice'),
(302, 10, 15, '509418', 'Boretín'),
(303, 3, 33, '562742', 'Boretín'),
(304, 6, 58, '571229', 'Borice'),
(305, 11, 64, '567469', 'Borislav'),
(306, 4, 4, '581364', 'Boritov'),
(307, 2, 29, '535516', 'Bosen'),
(308, 4, 4, '581372', 'Boskovice'),
(309, 4, 34, '593818', 'Boskovštejn'),
(310, 3, 19, '550124', 'Bošice'),
(311, 3, 3, '535401', 'Bošilec'),
(312, 6, 6, '548006', 'Bošín'),
(313, 4, 68, '592919', 'Bošovice'),
(314, 3, 9, '562122', 'Boudy'),
(315, 9, 12, '589306', 'Bousín'),
(316, 6, 58, '571237', 'Bousov'),
(317, 9, 21, '500861', 'Bouzov'),
(318, 8, 49, '577006', 'Bozkov'),
(319, 5, 5, '573914', 'Božanov'),
(320, 10, 15, '547581', 'Božejov'),
(321, 3, 9, '549291', 'Božetice'),
(322, 1, 1, '506486', 'Boží Dar'),
(323, 4, 34, '593826', 'Božice'),
(324, 1, 1, '555045', 'Božicany'),
(325, 3, 31, '552127', 'Bradácov'),
(326, 5, 27, '549100', 'Brada-Rybnícek'),
(327, 2, 29, '570788', 'Bradlec'),
(328, 8, 49, '577014', 'Bradlecká Lhota'),
(329, 2, 2, '530832', 'Brambory'),
(330, 11, 45, '567060', 'Branany'),
(331, 11, 45, '567078', 'Brandov'),
(332, 2, 20, '538094', 'Brandýs nad Labem-Stará Boleslav'),
(333, 6, 6, '579947', 'Brandýs nad Orlicí'),
(334, 2, 51, '532118', 'Brandýsek'),
(335, 3, 9, '549304', 'Branice'),
(336, 4, 25, '582875', 'Braníškov'),
(337, 3, 3, '551490', 'Branišov'),
(338, 4, 25, '593834', 'Branišovice'),
(339, 7, 48, '554197', 'Branka u Opavy'),
(340, 4, 68, '592927', 'Brankovice'),
(341, 12, 70, '541648', 'Branky'),
(342, 9, 67, '526169', 'Branná'),
(343, 2, 44, '541672', 'Branov'),
(344, 10, 23, '590363', 'Bransouze'),
(345, 7, 13, '597210', 'Brantice'),
(346, 2, 29, '571946', 'Branžež'),
(347, 2, 51, '532126', 'Braškov'),
(348, 2, 2, '531286', 'Bratcice'),
(349, 4, 25, '582883', 'Bratcice'),
(350, 2, 60, '539988', 'Bratkovice'),
(351, 2, 51, '532142', 'Bratronice'),
(352, 3, 40, '537063', 'Bratronice'),
(353, 9, 67, '569437', 'Bratrušov'),
(354, 12, 53, '585106', 'Bratrejov'),
(355, 10, 15, '547603', 'Bratrice'),
(356, 7, 48, '553107', 'Bratríkovice'),
(357, 2, 69, '571199', 'Bratrínov'),
(358, 7, 11, '556858', 'Bravantice'),
(359, 2, 20, '538108', 'Brázdim'),
(360, 2, 60, '539996', 'Brdy'),
(361, 3, 55, '545431', 'Brloh'),
(362, 6, 35, '574791', 'Brloh'),
(363, 11, 47, '564613', 'Brnany'),
(364, 6, 32, '577863', 'Brnenec'),
(365, 9, 67, '530727', 'Brnícko'),
(366, 13, 26, '566136', 'Brnírov'),
(367, 8, 61, '561444', 'Brnište'),
(368, 4, 71, '582786', 'Brno'),
(369, 4, 41, '584355', 'Brod nad Dyjí'),
(370, 13, 56, '541605', 'Brod nad Tichou'),
(371, 2, 29, '535559', 'Brodce'),
(372, 11, 65, '546895', 'Brodec'),
(373, 9, 12, '589314', 'Brodek u Konice'),
(374, 9, 12, '589322', 'Brodek u Prostejova'),
(375, 9, 52, '512800', 'Brodek u Prerova'),
(376, 13, 43, '566489', 'Brodeslavy'),
(377, 13, 56, '541401', 'Broumov'),
(378, 5, 5, '573922', 'Broumov'),
(379, 2, 42, '531081', 'Broumy'),
(380, 11, 47, '564621', 'Brozany nad Ohrí'),
(381, 10, 16, '586943', 'Brtnice'),
(382, 10, 16, '590371', 'Brtnicka'),
(383, 4, 4, '581381', 'Brtov-Jenec'),
(384, 4, 25, '581402', 'Brumov'),
(385, 12, 53, '585114', 'Brumov-Bylnice'),
(386, 7, 48, '506320', 'Brumovice'),
(387, 4, 41, '584363', 'Brumovice'),
(388, 7, 13, '597180', 'Bruntál'),
(389, 12, 37, '588377', 'Brusné'),
(390, 7, 38, '598038', 'Brušperk'),
(391, 7, 38, '598046', 'Bruzovice'),
(392, 11, 47, '546755', 'Brzánky'),
(393, 5, 5, '573931', 'Brzice'),
(394, 10, 16, '586951', 'Brzkov'),
(395, 13, 59, '559725', 'Brasy'),
(396, 4, 41, '584291', 'Breclav'),
(397, 3, 3, '536059', 'Brehov'),
(398, 6, 35, '574805', 'Brehy'),
(399, 12, 37, '588385', 'Brest'),
(400, 12, 24, '592072', 'Brestek'),
(401, 10, 28, '548278', 'Brevnice'),
(402, 10, 30, '595349', 'Brezejc'),
(403, 3, 40, '530018', 'Brezí'),
(404, 2, 20, '564869', 'Brezí'),
(405, 4, 41, '584371', 'Brezí'),
(406, 10, 30, '595357', 'Brezí'),
(407, 10, 30, '595365', 'Brezí nad Oslavou'),
(408, 3, 33, '507733', 'Brezina'),
(409, 2, 29, '535567', 'Brezina'),
(410, 5, 27, '549070', 'Brezina'),
(411, 13, 59, '559733', 'Brezina'),
(412, 6, 32, '577871', 'Brezina'),
(413, 4, 68, '592935', 'Brezina'),
(414, 4, 25, '581429', 'Brezina (dríve okres_county Blansko)'),
(415, 4, 25, '582891', 'Brezina (dríve okres_county Tišnov)'),
(416, 6, 32, '572250', 'Brezinky'),
(417, 6, 32, '577898', 'Breziny'),
(418, 12, 53, '538744', 'Breznice'),
(419, 2, 60, '540013', 'Breznice'),
(420, 3, 31, '552135', 'Breznice'),
(421, 10, 23, '590380', 'Brezník'),
(422, 2, 29, '535583', 'Brezno'),
(423, 11, 63, '563013', 'Brezno'),
(424, 12, 24, '592081', 'Brezolupy'),
(425, 7, 48, '506451', 'Brezová'),
(426, 2, 42, '531090', 'Brezová'),
(427, 1, 1, '537870', 'Brezová'),
(428, 1, 72, '560294', 'Brezová'),
(429, 12, 53, '585131', 'Brezová'),
(430, 12, 24, '592099', 'Brezová'),
(431, 6, 32, '505145', 'Brezová nad Svitavou'),
(432, 2, 69, '599735', 'Brezová-Oleško'),
(433, 2, 29, '599514', 'Brezovice'),
(434, 10, 30, '595381', 'Brezské'),
(435, 9, 12, '589331', 'Brezsko'),
(436, 12, 53, '585149', 'Brezuvky'),
(437, 13, 46, '541923', 'Brežany'),
(438, 2, 44, '565041', 'Brežany'),
(439, 4, 34, '593842', 'Brežany'),
(440, 2, 36, '533211', 'Brežany I'),
(441, 2, 36, '533220', 'Brežany II'),
(442, 7, 13, '597228', 'Bridlicná'),
(443, 2, 57, '537047', 'Bríství'),
(444, 5, 27, '548855', 'Bríštany'),
(445, 11, 47, '564648', 'Bríza'),
(446, 11, 65, '566063', 'Brvany'),
(447, 1, 72, '560308', 'Bublava'),
(448, 2, 42, '531103', 'Bubovice'),
(449, 13, 43, '558699', 'Bucí'),
(450, 6, 6, '579963', 'Bucina'),
(451, 4, 68, '592943', 'Bucovice'),
(452, 5, 27, '548952', 'Budceves'),
(453, 3, 33, '546020', 'Budec'),
(454, 10, 30, '595390', 'Budec'),
(455, 13, 46, '555894', 'Budetice'),
(456, 9, 12, '589349', 'Budetsko'),
(457, 10, 15, '547638', 'Budíkov'),
(458, 2, 57, '537055', 'Budimerice'),
(459, 3, 31, '552143', 'Budislav'),
(460, 6, 32, '577910', 'Budislav'),
(461, 3, 33, '546038', 'Budíškovice'),
(462, 10, 23, '590401', 'Budišov'),
(463, 7, 48, '506460', 'Budišov nad Budišovkou'),
(464, 7, 48, '568261', 'Budišovice'),
(465, 3, 19, '561576', 'Budkov'),
(466, 10, 23, '590410', 'Budkov'),
(467, 3, 40, '560171', 'Budyne'),
(468, 11, 47, '564656', 'Budyne nad Ohrí'),
(469, 12, 24, '592102', 'Buchlovice'),
(470, 3, 55, '545449', 'Bujanov'),
(471, 13, 59, '559741', 'Bujesily'),
(472, 9, 52, '512826', 'Buk'),
(473, 3, 19, '537519', 'Buk'),
(474, 10, 30, '595403', 'Bukov'),
(475, 13, 66, '546372', 'Buková'),
(476, 9, 12, '589357', 'Buková'),
(477, 2, 60, '540021', 'Buková u Príbrame'),
(478, 2, 54, '532924', 'Bukovany'),
(479, 9, 21, '552402', 'Bukovany'),
(480, 1, 72, '560316', 'Bukovany'),
(481, 2, 60, '564664', 'Bukovany'),
(482, 4, 14, '586072', 'Bukovany'),
(483, 7, 38, '511935', 'Bukovec'),
(484, 13, 26, '553506', 'Bukovec'),
(485, 5, 5, '547751', 'Bukovice'),
(486, 4, 25, '581437', 'Bukovice'),
(487, 4, 4, '581445', 'Bukovina'),
(488, 6, 35, '574813', 'Bukovina nad Labem'),
(489, 8, 49, '577031', 'Bukovina u Cisté'),
(490, 6, 35, '574821', 'Bukovina u Prelouce'),
(491, 4, 4, '581453', 'Bukovinka'),
(492, 6, 35, '574830', 'Bukovka'),
(493, 13, 46, '530085', 'Bukovník'),
(494, 2, 29, '535605', 'Bukovno'),
(495, 5, 27, '573353', 'Bukvice'),
(496, 4, 41, '584380', 'Bulhary'),
(497, 8, 62, '563935', 'Bulovka'),
(498, 10, 15, '561312', 'Burenice'),
(499, 2, 69, '540048', 'Buš'),
(500, 3, 19, '550159', 'Bušanovice'),
(501, 9, 67, '532894', 'Bušín'),
(502, 13, 59, '559750', 'Bušovice'),
(503, 2, 51, '532169', 'Buštehrad'),
(504, 5, 27, '549282', 'Butoves'),
(505, 3, 40, '529966', 'Buzice'),
(506, 11, 47, '546780', 'Býckovice'),
(507, 2, 36, '533238', 'Býchory'),
(508, 2, 73, '534714', 'Býkev'),
(509, 2, 42, '534145', 'Bykoš'),
(510, 4, 4, '581461', 'Býkovice'),
(511, 7, 13, '569607', 'Býkov-Láryšov'),
(512, 6, 58, '571245', 'Bylany'),
(513, 11, 17, '544647', 'Bynovec'),
(514, 10, 15, '561801', 'Bystrá'),
(515, 8, 49, '577049', 'Bystrá nad Jizerou'),
(516, 5, 8, '576166', 'Bystré'),
(517, 6, 32, '577928', 'Bystré'),
(518, 9, 21, '500879', 'Bystrocice'),
(519, 9, 21, '547026', 'Bystrovany'),
(520, 11, 64, '567477', 'Bystrany'),
(521, 6, 6, '579971', 'Bystrec'),
(522, 2, 54, '529451', 'Bystrice'),
(523, 5, 27, '572772', 'Bystrice'),
(524, 7, 38, '598062', 'Bystrice'),
(525, 10, 30, '595411', 'Bystrice nad Pernštejnem'),
(526, 12, 37, '588393', 'Bystrice pod Hostýnem'),
(527, 12, 24, '592111', 'Bystrice pod Lopeníkem'),
(528, 12, 70, '541711', 'Bystricka'),
(529, 2, 73, '534722', 'Byšice'),
(530, 9, 52, '512877', 'Býškovice'),
(531, 10, 30, '595420', 'Býšovec'),
(532, 6, 35, '574848', 'Býšt'),
(533, 5, 8, '576174', 'Byzhradec'),
(534, 4, 14, '586081', 'Bzenec'),
(535, 2, 42, '531120', 'Bzová'),
(536, 11, 64, '567485', 'Bžany'),
(537, 13, 56, '560782', 'Cebiv'),
(538, 3, 40, '550906', 'Cehnice'),
(539, 10, 16, '586978', 'Cejle'),
(540, 13, 59, '559768', 'Cekov'),
(541, 3, 33, '509191', 'Cep'),
(542, 5, 27, '572781', 'Cerekvice nad Bystricí'),
(543, 6, 32, '577936', 'Cerekvice nad Loucnou'),
(544, 10, 16, '586986', 'Cerekvicka-Rosice'),
(545, 2, 36, '533246', 'Cerhenice'),
(546, 3, 9, '549321', 'Cerhonice'),
(547, 2, 42, '531138', 'Cerhovice'),
(548, 12, 37, '588407', 'Cetechovice'),
(549, 8, 62, '563943', 'Cetenov'),
(550, 4, 4, '581470', 'Cetkovice'),
(551, 10, 15, '547662', 'Cetoraz'),
(552, 2, 60, '564419', 'Cetyne'),
(553, 10, 23, '590428', 'Cidlina'),
(554, 10, 30, '588016', 'Cikháj'),
(555, 2, 2, '533998', 'Církvice'),
(556, 2, 36, '599476', 'Církvice'),
(557, 9, 52, '569135', 'Císarov'),
(558, 1, 72, '560324', 'Citice'),
(559, 11, 65, '542571', 'Cítoliby'),
(560, 4, 34, '593851', 'Citonice'),
(561, 9, 52, '512982', 'Citov'),
(562, 2, 73, '534731', 'Cítov'),
(563, 3, 33, '546054', 'Cizkraj_regionov'),
(564, 6, 6, '579980', 'Cotkytle'),
(565, 4, 4, '554162', 'Crhov'),
(566, 6, 58, '571253', 'Ctetín'),
(567, 2, 54, '532690', 'Ctibor'),
(568, 13, 56, '579459', 'Ctibor'),
(569, 4, 34, '593869', 'Ctidružice'),
(570, 2, 29, '570991', 'Ctimerice'),
(571, 11, 47, '564672', 'Ctineves'),
(572, 8, 61, '561479', 'Cvikov'),
(573, 2, 51, '532185', 'Cvrcovice'),
(574, 4, 25, '550272', 'Cvrcovice'),
(575, 10, 28, '568490', 'Cachotín'),
(576, 2, 29, '535621', 'Cachovice'),
(577, 13, 46, '555941', 'Cachrov'),
(578, 2, 54, '529478', 'Cakov'),
(579, 3, 3, '535541', 'Cakov'),
(580, 7, 13, '552003', 'Caková'),
(581, 2, 73, '598291', 'Cakovicky'),
(582, 6, 58, '571270', 'Cankovice'),
(583, 2, 2, '534005', 'Cáslav'),
(584, 10, 23, '590436', 'Cáslavice'),
(585, 10, 15, '547689', 'Cáslavsko'),
(586, 13, 56, '560804', 'Cástkov'),
(587, 12, 24, '592137', 'Cástkov'),
(588, 10, 23, '553964', 'Castohostice'),
(589, 5, 8, '576182', 'Castolovice'),
(590, 10, 15, '547719', 'Castrov'),
(591, 6, 35, '572799', 'Casy'),
(592, 7, 74, '569119', 'Cavisov'),
(593, 4, 25, '582913', 'Cebín'),
(594, 2, 73, '534749', 'Cecelice'),
(595, 3, 40, '510068', 'Cecelovice'),
(596, 10, 28, '548375', 'Ceckovice'),
(597, 13, 26, '566080', 'Cecovice'),
(598, 9, 12, '589365', 'Cehovice'),
(599, 10, 23, '590444', 'Cechocovice'),
(600, 2, 54, '529486', 'Cechtice'),
(601, 10, 23, '590452', 'Cechtín'),
(602, 9, 52, '552771', 'Cechy'),
(603, 9, 12, '589381', 'Cechy pod Kosírem'),
(604, 4, 14, '586099', 'Cejc'),
(605, 3, 40, '550922', 'Cejetice'),
(606, 2, 2, '529524', 'Cejkovice'),
(607, 3, 3, '544329', 'Cejkovice'),
(608, 4, 14, '586102', 'Cejkovice'),
(609, 4, 34, '593877', 'Cejkovice'),
(610, 10, 15, '547735', 'Cejov'),
(611, 7, 38, '598071', 'Celadná'),
(612, 2, 20, '538132', 'Celákovice'),
(613, 9, 12, '589390', 'Celcice'),
(614, 9, 52, '513059', 'Celechovice'),
(615, 9, 12, '589403', 'Celechovice na Hané'),
(616, 10, 15, '529826', 'Celistná'),
(617, 4, 14, '586111', 'Celožnice'),
(618, 13, 43, '558711', 'Ceminy'),
(619, 2, 60, '540072', 'Cenkov'),
(620, 3, 3, '598976', 'Cenkov u Bechyne'),
(621, 6, 6, '579998', 'Cenkovice'),
(622, 6, 35, '574856', 'Ceperka'),
(623, 6, 35, '574864', 'Cepí'),
(624, 3, 40, '550949', 'Ceprovice'),
(625, 11, 65, '530581', 'Ceradice'),
(626, 2, 54, '529516', 'Cercany'),
(627, 4, 34, '593885', 'Cermákovice'),
(628, 13, 26, '553514', 'Cermná'),
(629, 5, 39, '579106', 'Cermná'),
(630, 5, 8, '576191', 'Cermná nad Orlicí'),
(631, 7, 48, '569950', 'Cermná ve Slezsku'),
(632, 10, 30, '595438', 'Cerná'),
(633, 4, 4, '581496', 'Cerná Hora'),
(634, 6, 35, '572896', 'Cerná u Bohdance'),
(635, 3, 55, '545457', 'Cerná v Pošumaví'),
(636, 9, 50, '533491', 'Cerná Voda'),
(637, 1, 1, '538019', 'Cernava'),
(638, 11, 65, '542628', 'Cerncice'),
(639, 5, 5, '573957', 'Cerncice'),
(640, 2, 20, '533254', 'Cerné Voderady'),
(641, 11, 47, '546852', 'Cerneves'),
(642, 10, 16, '587001', 'Cerníc'),
(643, 13, 46, '553531', 'Cerníkov'),
(644, 13, 43, '566632', 'Cerníkovice'),
(645, 5, 8, '576204', 'Cerníkovice'),
(646, 2, 57, '599301', 'Cerníky'),
(647, 5, 22, '569917', 'Cernilov'),
(648, 4, 34, '593893', 'Cernín'),
(649, 2, 2, '534013', 'Cerníny'),
(650, 11, 47, '564699', 'Cerniv'),
(651, 2, 69, '539121', 'Cernolice'),
(652, 2, 69, '539139', 'Cernošice'),
(653, 13, 56, '560812', 'Cernošín'),
(654, 9, 52, '513067', 'Cernotín'),
(655, 11, 47, '542423', 'Cernoucek'),
(656, 8, 62, '545996', 'Cernousy'),
(657, 10, 15, '561142', 'Cernov'),
(658, 10, 15, '547760', 'Cernovice'),
(659, 11, 63, '563021', 'Cernovice'),
(660, 13, 26, '566098', 'Cernovice'),
(661, 4, 4, '581500', 'Cernovice'),
(662, 13, 43, '530328', 'Cernovice'),
(663, 5, 22, '569925', 'Cernožice'),
(664, 2, 51, '532207', 'Cernuc'),
(665, 4, 25, '595446', 'Cernvír'),
(666, 5, 39, '579114', 'Cerný Dul'),
(667, 3, 31, '563722', 'Cernýšovice'),
(668, 5, 5, '505099', 'Cervená Hora'),
(669, 10, 23, '590461', 'Cervená Lhota'),
(670, 10, 15, '547778', 'Cervená Recice'),
(671, 5, 27, '548995', 'Cervená Tremešná'),
(672, 6, 6, '580015', 'Cervená Voda'),
(673, 2, 2, '534021', 'Cervené Janovice'),
(674, 2, 36, '533262', 'Cervené Pecky'),
(675, 13, 46, '542172', 'Cervené Porící'),
(676, 9, 21, '552186', 'Cervenka'),
(677, 3, 33, '509116', 'Cervený Hrádek'),
(678, 5, 5, '573965', 'Cervený Kostelec'),
(679, 2, 54, '529532', 'Cervený Újezd'),
(680, 2, 69, '532215', 'Cervený Újezd'),
(681, 4, 25, '582921', 'Ceská'),
(682, 10, 28, '568503', 'Ceská Belá'),
(683, 13, 43, '558745', 'Ceská Bríza'),
(684, 5, 5, '573973', 'Ceská Cermná'),
(685, 11, 17, '562394', 'Ceská Kamenice'),
(686, 13, 26, '553549', 'Ceská Kubice'),
(687, 8, 61, '561380', 'Ceská Lípa'),
(688, 5, 5, '573981', 'Ceská Metuje'),
(689, 6, 6, '580023', 'Ceská Rybná'),
(690, 5, 5, '573990', 'Ceská Skalice'),
(691, 6, 6, '580031', 'Ceská Trebová'),
(692, 9, 50, '569356', 'Ceská Ves'),
(693, 3, 3, '544256', 'Ceské Budejovice'),
(694, 6, 6, '580040', 'Ceské Hermanice'),
(695, 6, 58, '571296', 'Ceské Lhotice'),
(696, 6, 6, '580058', 'Ceské Libchavy'),
(697, 5, 8, '576212', 'Ceské Mezirící'),
(698, 6, 6, '580066', 'Ceské Petrovice'),
(699, 3, 33, '546089', 'Ceské Velenice'),
(700, 2, 36, '533271', 'Ceský Brod'),
(701, 8, 62, '563960', 'Ceský Dub'),
(702, 11, 45, '567108', 'Ceský Jiretín'),
(703, 3, 55, '545392', 'Ceský Krumlov'),
(704, 3, 33, '546097', 'Ceský Rudolec'),
(705, 2, 54, '529541', 'Ceský Šternberk'),
(706, 7, 7, '598933', 'Ceský Tešín'),
(707, 3, 40, '550957', 'Cestice'),
(708, 5, 8, '576221', 'Cestice'),
(709, 2, 2, '534030', 'Cestín'),
(710, 2, 20, '538141', 'Cestlice'),
(711, 5, 27, '572811', 'Cešov'),
(712, 3, 40, '550965', 'Cícenice'),
(713, 2, 69, '539147', 'Cícovice'),
(714, 10, 23, '590479', 'Cíhalín'),
(715, 13, 46, '542024', 'Cíhan'),
(716, 10, 28, '568520', 'Cíhošt'),
(717, 1, 1, '506621', 'Cichalov'),
(718, 10, 23, '590487', 'Cíchov'),
(719, 10, 23, '590495', 'Cikov'),
(720, 13, 59, '540927', 'Cilá'),
(721, 2, 57, '599671', 'Cilec'),
(722, 2, 60, '540081', 'Cím'),
(723, 3, 9, '549339', 'Cimelice'),
(724, 3, 33, '546101', 'Címer'),
(725, 10, 23, '590509', 'Címer'),
(726, 13, 46, '578495', 'Címice'),
(727, 2, 57, '537080', 'Cineves'),
(728, 2, 69, '539155', 'Cisovice'),
(729, 2, 29, '535630', 'Cistá'),
(730, 2, 44, '541699', 'Cistá'),
(731, 6, 32, '577944', 'Cistá'),
(732, 8, 49, '577057', 'Cistá u Horek'),
(733, 5, 22, '569933', 'Cisteves'),
(734, 13, 66, '557641', 'Cižice'),
(735, 13, 66, '557650', 'Cížkov'),
(736, 10, 15, '598704', 'Cížkov'),
(737, 11, 47, '564711', 'Cížkovice'),
(738, 3, 3, '551503', 'Cížkraj_regionice'),
(739, 10, 16, '587117', 'Cížov'),
(740, 3, 9, '549347', 'Cížová'),
(741, 3, 19, '550167', 'Ckyne'),
(742, 3, 33, '561703', 'Clunek'),
(743, 13, 66, '578568', 'Cmelíny'),
(744, 8, 62, '544531', 'Ctverín'),
(745, 2, 54, '529567', 'Ctyrkoly'),
(746, 4, 25, '582930', 'Cucice'),
(747, 3, 33, '546127', 'Dacice'),
(748, 10, 30, '595454', 'Dalecín'),
(749, 2, 60, '540099', 'Daleké Dušníky'),
(750, 8, 10, '530425', 'Dalešice'),
(751, 10, 23, '590517', 'Dalešice'),
(752, 1, 1, '537918', 'Dalovice'),
(753, 2, 29, '570818', 'Dalovice'),
(754, 4, 14, '586129', 'Damborice'),
(755, 4, 34, '593907', 'Damnice'),
(756, 6, 6, '580074', 'Damníkov'),
(757, 10, 30, '595462', 'Dankovice'),
(758, 7, 48, '568228', 'Darkovice'),
(759, 9, 21, '552445', 'Daskabát'),
(760, 1, 72, '560332', 'Dasnice'),
(761, 3, 3, '535249', 'Dasný'),
(762, 6, 35, '574899', 'Dašice'),
(763, 2, 69, '539163', 'Davle'),
(764, 4, 25, '582948', 'Deblín'),
(765, 11, 47, '564729', 'Decany'),
(766, 11, 17, '562335', 'Decín'),
(767, 10, 23, '590525', 'Dedice'),
(768, 6, 58, '571300', 'Dedová'),
(769, 10, 15, '561924', 'Dehtáre'),
(770, 7, 48, '568236', 'Dehylov'),
(771, 2, 54, '532746', 'Dekanovice'),
(772, 2, 44, '565181', 'Dekov'),
(773, 1, 1, '538116', 'Depoltovice'),
(774, 8, 10, '563552', 'Desná'),
(775, 6, 32, '572357', 'Desná'),
(776, 13, 46, '556041', 'Dešenice'),
(777, 3, 33, '546143', 'Dešná'),
(778, 12, 53, '585157', 'Dešná'),
(779, 10, 23, '590533', 'Dešov'),
(780, 3, 33, '546151', 'Deštná'),
(781, 4, 4, '581518', 'Deštná'),
(782, 5, 8, '576247', 'Deštné v Orlických horách'),
(783, 11, 65, '566128', 'Deštnice'),
(784, 5, 27, '572829', 'Detenice'),
(785, 9, 12, '589420', 'Detkovice'),
(786, 4, 68, '592978', 'Detkovice'),
(787, 7, 7, '598941', 'Detmarovice'),
(788, 8, 62, '546607', 'Detrichov'),
(789, 6, 32, '577961', 'Detrichov'),
(790, 7, 13, '597252', 'Detrichov nad Bystricí'),
(791, 6, 32, '572683', 'Detrichov u Moravské Trebové'),
(792, 5, 27, '549118', 'Dílce'),
(793, 13, 26, '553557', 'Díly'),
(794, 3, 31, '552208', 'Dírná'),
(795, 4, 41, '584401', 'Diváky'),
(796, 7, 13, '551864', 'Dívcí Hrad'),
(797, 3, 33, '529753', 'Dívcí Kopy'),
(798, 3, 3, '544361', 'Dívcice'),
(799, 5, 22, '569941', 'Divec'),
(800, 2, 54, '529621', 'Divišov'),
(801, 11, 47, '564737', 'Dlažkovice'),
(802, 13, 46, '556068', 'Dlažov'),
(803, 10, 16, '587010', 'Dlouhá Brtnice'),
(804, 2, 60, '513504', 'Dlouhá Lhota'),
(805, 2, 29, '535656', 'Dlouhá Lhota'),
(806, 3, 31, '563650', 'Dlouhá Lhota'),
(807, 4, 4, '581526', 'Dlouhá Lhota'),
(808, 9, 21, '501476', 'Dlouhá Loucka'),
(809, 6, 32, '577987', 'Dlouhá Loucka'),
(810, 7, 13, '551708', 'Dlouhá Strán'),
(811, 6, 6, '548014', 'Dlouhá Trebová'),
(812, 13, 46, '556076', 'Dlouhá Ves'),
(813, 10, 28, '568538', 'Dlouhá Ves'),
(814, 10, 30, '595471', 'Dlouhé'),
(815, 9, 67, '533688', 'Dlouhomilov'),
(816, 6, 6, '548031', 'Dlouhonovice'),
(817, 2, 57, '537098', 'Dlouhopolsko'),
(818, 8, 62, '530468', 'Dlouhý Most'),
(819, 13, 56, '560839', 'Dlouhý Újezd'),
(820, 13, 66, '557668', 'Dnešice'),
(821, 4, 34, '593923', 'Dobelice'),
(822, 3, 9, '549363', 'Dobev'),
(823, 11, 17, '562408', 'Dobkovice'),
(824, 7, 38, '598089', 'Dobrá'),
(825, 10, 15, '561932', 'Dobrá Voda'),
(826, 10, 30, '595489', 'Dobrá Voda'),
(827, 3, 3, '535206', 'Dobrá Voda u Ceských Budejovic'),
(828, 5, 27, '572837', 'Dobrá Voda u Horic'),
(829, 10, 15, '561762', 'Dobrá Voda u Pacova'),
(830, 7, 38, '552542', 'Dobratice'),
(831, 9, 52, '513105', 'Dobrcice'),
(832, 5, 8, '576263', 'Dobré'),
(833, 4, 41, '584410', 'Dobré Pole'),
(834, 12, 53, '585165', 'Dobrkovice'),
(835, 11, 17, '545783', 'Dobrná'),
(836, 4, 68, '592986', 'Dobrockovice'),
(837, 2, 20, '565008', 'Dobrocovice'),
(838, 3, 33, '562416', 'Dobrohošt'),
(839, 9, 12, '589438', 'Dobrochov'),
(840, 11, 65, '546861', 'Dobromerice'),
(841, 9, 12, '589446', 'Dobromilice'),
(842, 3, 31, '552224', 'Dobronice u Bechyne'),
(843, 10, 16, '587028', 'Dobronín'),
(844, 7, 48, '569895', 'Dobroslavice'),
(845, 10, 16, '587036', 'Dobroutov'),
(846, 2, 29, '535672', 'Dobrovice'),
(847, 2, 2, '529559', 'Dobrovítov'),
(848, 2, 69, '539171', 'Dobrovíz'),
(849, 13, 46, '530123', 'Dobršín'),
(850, 5, 8, '576271', 'Dobruška'),
(851, 13, 66, '557676', 'Dobrany'),
(852, 5, 8, '576280', 'Dobrany'),
(853, 2, 20, '538167', 'Dobrejovice'),
(854, 2, 73, '531570', 'Dobren'),
(855, 5, 22, '569968', 'Dobrenice'),
(856, 2, 69, '539180', 'Dobríc'),
(857, 13, 43, '558770', 'Dobríc'),
(858, 2, 36, '533289', 'Dobrichov'),
(859, 2, 69, '539198', 'Dobrichovice'),
(860, 6, 6, '580091', 'Dobríkov'),
(861, 11, 47, '564745', 'Dobrín'),
(862, 4, 34, '593931', 'Dobrínsko'),
(863, 2, 60, '540111', 'Dobríš'),
(864, 13, 59, '559776', 'Dobrív'),
(865, 3, 3, '536199', 'Dobšice'),
(866, 2, 57, '537101', 'Dobšice'),
(867, 4, 34, '546941', 'Dobšice'),
(868, 2, 29, '571989', 'Dobšín'),
(869, 5, 22, '569976', 'Dohalice'),
(870, 11, 47, '564753', 'Doksany'),
(871, 2, 51, '532223', 'Doksy'),
(872, 8, 61, '561495', 'Doksy'),
(873, 11, 47, '553646', 'Dolánky nad Ohrí'),
(874, 9, 21, '501646', 'Dolany'),
(875, 2, 51, '513130', 'Dolany'),
(876, 2, 73, '539201', 'Dolany'),
(877, 13, 46, '556106', 'Dolany'),
(878, 13, 43, '558788', 'Dolany'),
(879, 5, 5, '574015', 'Dolany'),
(880, 6, 35, '574902', 'Dolany'),
(881, 13, 66, '539945', 'Dolce'),
(882, 4, 34, '593958', 'Dolenice'),
(883, 12, 70, '541800', 'Dolní Becva'),
(884, 13, 43, '558796', 'Dolní Belá'),
(885, 7, 48, '506702', 'Dolní Benešov'),
(886, 2, 73, '534765', 'Dolní Berkovice'),
(887, 6, 58, '505030', 'Dolní Bezdekov'),
(888, 4, 14, '586137', 'Dolní Bojanovice'),
(889, 2, 29, '535702', 'Dolní Bousov'),
(890, 5, 39, '579122', 'Dolní Branná'),
(891, 5, 39, '554863', 'Dolní Brusnice'),
(892, 2, 69, '539210', 'Dolní Brežany'),
(893, 3, 3, '544388', 'Dolní Bukovsko'),
(894, 10, 16, '587044', 'Dolní Cerekev'),
(895, 6, 6, '580112', 'Dolní Cermná'),
(896, 6, 6, '580121', 'Dolní Dobrouc'),
(897, 7, 38, '598101', 'Dolní Domaslavice'),
(898, 4, 34, '593966', 'Dolní Dubnany'),
(899, 4, 41, '584428', 'Dolní Dunajovice'),
(900, 3, 55, '545465', 'Dolní Dvorište'),
(901, 5, 39, '579149', 'Dolní Dvur'),
(902, 11, 17, '545856', 'Dolní Habartice'),
(903, 2, 60, '540129', 'Dolní Hbity'),
(904, 10, 30, '595501', 'Dolní Hermanice'),
(905, 3, 31, '552241', 'Dolní Horice'),
(906, 13, 43, '558800', 'Dolní Hradište'),
(907, 3, 31, '560529', 'Dolní Hrachovice'),
(908, 2, 36, '533297', 'Dolní Chvatliny'),
(909, 5, 39, '579157', 'Dolní Kalná'),
(910, 4, 25, '582956', 'Dolní Kounice'),
(911, 2, 54, '529648', 'Dolní Kralovice'),
(912, 2, 29, '535711', 'Dolní Krupá'),
(913, 10, 28, '568597', 'Dolní Krupá'),
(914, 5, 39, '579165', 'Dolní Lánov'),
(915, 10, 23, '587664', 'Dolní Lažany'),
(916, 7, 74, '506711', 'Dolní Lhota'),
(917, 12, 53, '585173', 'Dolní Lhota'),
(918, 10, 30, '595519', 'Dolní Libochová'),
(919, 5, 27, '549088', 'Dolní Lochov'),
(920, 7, 38, '511951', 'Dolní Lomná'),
(921, 4, 25, '595527', 'Dolní Loucky'),
(922, 13, 66, '557684', 'Dolní Lukavice'),
(923, 7, 7, '598968', 'Dolní Lutyne'),
(924, 10, 28, '568601', 'Dolní Mesto'),
(925, 6, 6, '580163', 'Dolní Morava'),
(926, 7, 13, '597287', 'Dolní Moravice'),
(927, 12, 24, '592145', 'Dolní Nemcí'),
(928, 9, 52, '569259', 'Dolní Netcice'),
(929, 1, 72, '560341', 'Dolní Nivy'),
(930, 3, 9, '562301', 'Dolní Novosedly'),
(931, 5, 39, '579173', 'Dolní Olešnice'),
(932, 3, 33, '562467', 'Dolní Pena'),
(933, 11, 17, '562432', 'Dolní Podluží'),
(934, 2, 2, '531260', 'Dolní Pohled'),
(935, 11, 17, '562441', 'Dolní Poustevna'),
(936, 5, 22, '569984', 'Dolní Prím'),
(937, 5, 5, '574023', 'Dolní Radechová'),
(938, 6, 35, '574911', 'Dolní Roven'),
(939, 10, 30, '595535', 'Dolní Rožínka'),
(940, 1, 72, '538591', 'Dolní Rychnov'),
(941, 8, 62, '563994', 'Dolní Rasnice'),
(942, 6, 35, '574929', 'Dolní Redice'),
(943, 2, 29, '535729', 'Dolní Slivno'),
(944, 10, 28, '548448', 'Dolní Sokolovec'),
(945, 2, 29, '570940', 'Dolní Stakory'),
(946, 9, 67, '553379', 'Dolní Studénky'),
(947, 9, 52, '552984', 'Dolní Tešice'),
(948, 7, 38, '552607', 'Dolní Tošanovice'),
(949, 3, 55, '545473', 'Dolní Trebonín'),
(950, 9, 52, '513199', 'Dolní Újezd'),
(951, 6, 32, '577995', 'Dolní Újezd'),
(952, 4, 41, '584436', 'Dolní Vestonice'),
(953, 10, 23, '590550', 'Dolní Vilémovice'),
(954, 10, 16, '587061', 'Dolní Vilímec'),
(955, 11, 75, '567931', 'Dolní Zálezly'),
(956, 2, 73, '531987', 'Dolní Zimor'),
(957, 1, 18, '554502', 'Dolní Žandov'),
(958, 3, 33, '562602', 'Dolní Ždár'),
(959, 7, 48, '553051', 'Dolní Životice'),
(960, 9, 21, '568392', 'Doloplazy'),
(961, 9, 12, '589454', 'Doloplazy'),
(962, 10, 23, '590568', 'Domamil'),
(963, 3, 33, '562840', 'Domanín'),
(964, 4, 14, '586145', 'Domanín'),
(965, 2, 36, '513181', 'Dománovice'),
(966, 11, 63, '563048', 'Domašín'),
(967, 4, 25, '582964', 'Domašov'),
(968, 9, 21, '545279', 'Domašov nad Bystricí'),
(969, 9, 21, '552313', 'Domašov u Šternberka'),
(970, 9, 52, '513211', 'Domaželice'),
(971, 13, 26, '553425', 'Domažlice'),
(972, 13, 46, '578517', 'Domoraz'),
(973, 2, 29, '535745', 'Domousnice'),
(974, 11, 65, '566152', 'Domoušice'),
(975, 3, 33, '507610', 'Donov'),
(976, 2, 20, '564885', 'Doubek'),
(977, 11, 17, '530417', 'Doubice'),
(978, 7, 7, '568864', 'Doubrava'),
(979, 2, 36, '533301', 'Doubravcice'),
(980, 3, 3, '535664', 'Doubravice'),
(981, 3, 40, '550981', 'Doubravice'),
(982, 5, 39, '579181', 'Doubravice'),
(983, 4, 4, '581542', 'Doubravice nad Svitavou'),
(984, 2, 29, '571067', 'Doubravicka'),
(985, 4, 25, '595551', 'Doubravník'),
(986, 12, 53, '585181', 'Doubravy'),
(987, 3, 3, '544400', 'Doudleby'),
(988, 5, 8, '576301', 'Doudleby nad Orlicí'),
(989, 10, 16, '587079', 'Doupe'),
(990, 9, 21, '501751', 'Drahanovice'),
(991, 9, 12, '589462', 'Drahany'),
(992, 2, 69, '531146', 'Drahelcice'),
(993, 2, 60, '599298', 'Drahenice'),
(994, 13, 66, '540251', 'Drahkov'),
(995, 2, 60, '540145', 'Drahlín'),
(996, 2, 54, '532151', 'Drahnovice'),
(997, 2, 36, '564681', 'Drahobudice'),
(998, 11, 47, '564770', 'Drahobuz'),
(999, 3, 40, '551015', 'Drahonice'),
(1000, 4, 25, '595560', 'Drahonín'),
(1001, 13, 59, '530379', 'Drahonuv Újezd'),
(1002, 3, 3, '535958', 'Drahotešice'),
(1003, 13, 26, '553573', 'Drahotín'),
(1004, 2, 44, '529711', 'Drahouš'),
(1005, 3, 31, '563765', 'Drahov'),
(1006, 3, 40, '560219', 'Drachkov'),
(1007, 3, 31, '552275', 'Dráchov'),
(1008, 2, 60, '540153', 'Drásov'),
(1009, 4, 25, '582972', 'Drásov'),
(1010, 13, 43, '578665', 'Dražen'),
(1011, 13, 26, '553581', 'Draženov'),
(1012, 3, 31, '552283', 'Dražice'),
(1013, 3, 3, '549371', 'Dražíc'),
(1014, 3, 31, '552291', 'Dražicky'),
(1015, 3, 40, '551023', 'Drážov'),
(1016, 13, 46, '566683', 'Dražovice'),
(1017, 4, 68, '592994', 'Dražovice'),
(1018, 4, 14, '586153', 'Dražuvky'),
(1019, 2, 60, '540170', 'Drevníky'),
(1020, 3, 31, '563307', 'Drhovice'),
(1021, 3, 9, '549380', 'Drhovle'),
(1022, 2, 60, '540188', 'Drhovy'),
(1023, 1, 18, '554511', 'Drmoul'),
(1024, 2, 51, '512991', 'Drnek'),
(1025, 4, 41, '584444', 'Drnholec'),
(1026, 4, 4, '581551', 'Drnovice'),
(1027, 12, 53, '585190', 'Drnovice'),
(1028, 4, 68, '593001', 'Drnovice'),
(1029, 2, 2, '531341', 'Drobovice'),
(1030, 3, 40, '560243', 'Droužetice'),
(1031, 11, 63, '563056', 'Droužkovice'),
(1032, 2, 42, '531154', 'Drozdov'),
(1033, 9, 67, '570141', 'Drozdov'),
(1034, 3, 19, '537187', 'Drslavice'),
(1035, 12, 24, '592153', 'Drslavice'),
(1036, 10, 28, '568619', 'Druhanov'),
(1037, 3, 33, '560987', 'Drunce'),
(1038, 13, 43, '558834', 'Druztová'),
(1039, 2, 51, '532274', 'Družec'),
(1040, 4, 68, '593010', 'Drysice'),
(1041, 8, 10, '563561', 'Držkov'),
(1042, 12, 53, '585203', 'Držková'),
(1043, 9, 12, '558419', 'Držovice'),
(1044, 6, 58, '504301', 'Drenice'),
(1045, 3, 40, '551040', 'Drešín'),
(1046, 2, 51, '532282', 'Dretovice'),
(1047, 2, 20, '538191', 'Drevcice'),
(1048, 5, 27, '573337', 'Drevenice'),
(1049, 9, 12, '589489', 'Drevnovice'),
(1050, 9, 52, '513229', 'Drevohostice'),
(1051, 2, 51, '532291', 'Drínov'),
(1052, 2, 73, '534773', 'Drínov'),
(1053, 12, 37, '588431', 'Drínov'),
(1054, 2, 20, '534781', 'Drísy'),
(1055, 6, 35, '574953', 'Drítec'),
(1056, 3, 3, '544426', 'Dríten'),
(1057, 3, 19, '550183', 'Dub'),
(1058, 9, 21, '501794', 'Dub nad Moravou'),
(1059, 8, 61, '561533', 'Dubá'),
(1060, 6, 35, '572977', 'Dubany'),
(1061, 9, 21, '552071', 'Dubcany'),
(1062, 5, 39, '579190', 'Dubenec'),
(1063, 2, 60, '598381', 'Dubenec'),
(1064, 11, 64, '567507', 'Dubí'),
(1065, 9, 67, '534927', 'Dubicko'),
(1066, 3, 3, '535788', 'Dubicné'),
(1067, 2, 60, '540218', 'Dublovice'),
(1068, 4, 14, '586161', 'Dubnany'),
(1069, 3, 3, '544442', 'Dubné'),
(1070, 8, 61, '561541', 'Dubnice'),
(1071, 2, 60, '564508', 'Dubno'),
(1072, 10, 15, '551546', 'Dubovice'),
(1073, 10, 16, '587087', 'Dudín'),
(1074, 11, 64, '567515', 'Duchcov'),
(1075, 10, 23, '590576', 'Dukovany'),
(1076, 10, 15, '529869', 'Dul'),
(1077, 3, 33, '562815', 'Dunajovice'),
(1078, 2, 54, '532843', 'Dunice'),
(1079, 10, 16, '587095', 'Dušejov'),
(1080, 11, 47, '564818', 'Dušníky'),
(1081, 6, 58, '504955', 'Dvakacovice'),
(1082, 10, 16, '506729', 'Dvorce'),
(1083, 7, 13, '597317', 'Dvorce'),
(1084, 2, 57, '537110', 'Dvory'),
(1085, 3, 19, '537144', 'Dvory'),
(1086, 3, 33, '509141', 'Dvory nad Lužnicí'),
(1087, 5, 39, '579203', 'Dvur Králové nad Labem'),
(1088, 4, 34, '593974', 'Dyjákovice'),
(1089, 4, 34, '593982', 'Dyjákovicky'),
(1090, 4, 34, '593991', 'Dyje'),
(1091, 10, 16, '587109', 'Dyjice'),
(1092, 2, 57, '537128', 'Dymokury'),
(1093, 3, 3, '544451', 'Dynín'),
(1094, 13, 76, '558851', 'Dýšina'),
(1095, 9, 12, '589497', 'Dzbel'),
(1096, 4, 34, '594008', 'Džbánice'),
(1097, 6, 6, '580210', 'Džbánov'),
(1098, 13, 59, '559792', 'Ejpovice'),
(1099, 13, 56, '560855', 'Erpužice'),
(1100, 10, 15, '561754', 'Eš'),
(1101, 11, 47, '564834', 'Evan'),
(1102, 2, 42, '531162', 'Felbabka'),
(1103, 3, 33, '562637', 'Frahelž'),
(1104, 12, 70, '542644', 'Francova Lhota'),
(1105, 11, 17, '545899', 'Františkov nad Ploucnicí'),
(1106, 1, 18, '554529', 'Františkovy Lázne'),
(1107, 7, 11, '599344', 'Frenštát pod Radhoštem'),
(1108, 7, 38, '598135', 'Frycovice'),
(1109, 7, 38, '598003', 'Frýdek-Místek'),
(1110, 8, 62, '564028', 'Frýdlant'),
(1111, 7, 38, '598143', 'Frýdlant nad Ostravicí'),
(1112, 8, 10, '563579', 'Frýdštejn'),
(1113, 3, 55, '545481', 'Frymburk'),
(1114, 13, 46, '578525', 'Frymburk'),
(1115, 10, 30, '595578', 'Fryšava pod Žákovou horou'),
(1116, 12, 53, '585211', 'Fryšták'),
(1117, 7, 11, '599352', 'Fulnek'),
(1118, 10, 28, '568635', 'Golcuv Jeníkov'),
(1119, 4, 34, '594016', 'Grešlové Mýto'),
(1120, 6, 32, '574325', 'Gruna'),
(1121, 2, 36, '599450', 'Grunta'),
(1122, 9, 21, '501841', 'Grygov'),
(1123, 9, 52, '569194', 'Grymov'),
(1124, 8, 62, '564036', 'Habartice'),
(1125, 1, 72, '560359', 'Habartov'),
(1126, 11, 75, '567957', 'Habrovany'),
(1127, 4, 68, '593028', 'Habrovany'),
(1128, 4, 4, '581569', 'Habruvka'),
(1129, 10, 28, '568651', 'Habry'),
(1130, 3, 3, '535575', 'Habrí'),
(1131, 5, 22, '569992', 'Habrina'),
(1132, 9, 12, '549967', 'Hacky'),
(1133, 3, 33, '562696', 'Hadravova Rosicka'),
(1134, 11, 64, '567523', 'Háj u Duchcova'),
(1135, 7, 48, '506753', 'Háj ve Slezsku'),
(1136, 3, 40, '551597', 'Hajany'),
(1137, 4, 25, '582999', 'Hajany'),
(1138, 2, 60, '598402', 'Háje'),
(1139, 8, 49, '577073', 'Háje nad Jizerou'),
(1140, 1, 1, '538159', 'Hájek'),
(1141, 3, 40, '561690', 'Hájek'),
(1142, 5, 39, '579211', 'Hajnice'),
(1143, 3, 33, '562807', 'Halámky'),
(1144, 12, 70, '542679', 'Halenkov'),
(1145, 12, 53, '585220', 'Halenkovice'),
(1146, 12, 53, '585238', 'Haluzice'),
(1147, 13, 56, '560863', 'Halže'),
(1148, 3, 33, '562386', 'Hamr'),
(1149, 8, 61, '544337', 'Hamr na Jezere'),
(1150, 6, 58, '571377', 'Hamry'),
(1151, 13, 46, '578240', 'Hamry'),
(1152, 10, 30, '595586', 'Hamry nad Sázavou'),
(1153, 9, 21, '552178', 'Hanovice'),
(1154, 9, 67, '535532', 'Hanušovice'),
(1155, 8, 49, '577081', 'Harrachov'),
(1156, 6, 32, '572284', 'Hartinkov'),
(1157, 3, 3, '536075', 'Hartmanice'),
(1158, 13, 46, '556181', 'Hartmanice'),
(1159, 6, 32, '578037', 'Hartmanice'),
(1160, 10, 23, '590584', 'Hartvíkovice'),
(1161, 3, 31, '563625', 'Haškovcova Lhota'),
(1162, 7, 48, '568210', 'Hat'),
(1163, 3, 33, '546291', 'Hatín'),
(1164, 7, 7, '555088', 'Havírov'),
(1165, 10, 28, '568660', 'Havlíckova Borová'),
(1166, 10, 28, '568414', 'Havlíckuv Brod'),
(1167, 5, 39, '579220', 'Havlovice'),
(1168, 11, 45, '567141', 'Havran'),
(1169, 4, 34, '594024', 'Havraníky'),
(1170, 1, 18, '554545', 'Hazlov'),
(1171, 13, 46, '541796', 'Hejná'),
(1172, 8, 62, '564044', 'Hejnice'),
(1173, 6, 6, '580228', 'Hejnice'),
(1174, 5, 5, '574031', 'Hejtmánkovice'),
(1175, 6, 6, '548049', 'Helvíkovice'),
(1176, 10, 28, '568678', 'Herálec'),
(1177, 10, 30, '595594', 'Herálec'),
(1178, 10, 23, '590592', 'Heraltice'),
(1179, 2, 20, '564915', 'Herink'),
(1180, 4, 25, '583014', 'Heroltice'),
(1181, 4, 68, '550213', 'Heršpice'),
(1182, 3, 9, '549398', 'Herman'),
(1183, 3, 3, '598593', 'Herman'),
(1184, 3, 33, '546305', 'Hermanec'),
(1185, 8, 62, '544353', 'Hermanice'),
(1186, 10, 28, '548596', 'Hermanice'),
(1187, 5, 5, '574040', 'Hermanice'),
(1188, 7, 11, '568562', 'Hermanice u Oder'),
(1189, 2, 54, '529702', 'Hermanicky'),
(1190, 5, 5, '574058', 'Hermánkovice'),
(1191, 7, 11, '568571', 'Hermánky'),
(1192, 11, 17, '562483', 'Hermanov'),
(1193, 10, 30, '595608', 'Hermanov'),
(1194, 13, 43, '558869', 'Hermanova Hut'),
(1195, 7, 13, '597325', 'Hermanovice'),
(1196, 6, 58, '571385', 'Hermanuv Mestec'),
(1197, 4, 34, '594032', 'Hevlín'),
(1198, 7, 11, '569666', 'Hladké Životice'),
(1199, 10, 16, '587125', 'Hladov'),
(1200, 3, 31, '560481', 'Hlasivo'),
(1201, 2, 42, '531171', 'Hlásná Treban'),
(1202, 9, 21, '552330', 'Hlásnice'),
(1203, 3, 3, '535851', 'Hlavatce'),
(1204, 3, 31, '552321', 'Hlavatce'),
(1205, 6, 35, '574961', 'Hlavecník'),
(1206, 2, 20, '565989', 'Hlavenec'),
(1207, 8, 62, '564052', 'Hlavice'),
(1208, 7, 48, '553093', 'Hlavnice'),
(1209, 13, 46, '556203', 'Hlavnovice'),
(1210, 4, 25, '583022', 'Hlína'),
(1211, 13, 43, '566390', 'Hlince'),
(1212, 3, 3, '598607', 'Hlincová Hora'),
(1213, 7, 13, '551872', 'Hlinka'),
(1214, 11, 47, '564842', 'Hlinná'),
(1215, 9, 52, '569267', 'Hlinsko'),
(1216, 6, 58, '571393', 'Hlinsko'),
(1217, 2, 2, '531197', 'Hlízov'),
(1218, 13, 26, '553620', 'Hlohová'),
(1219, 13, 26, '566641', 'Hlohovcice'),
(1220, 4, 41, '584452', 'Hlohovec'),
(1221, 13, 59, '559806', 'Hlohovice'),
(1222, 4, 68, '593036', 'Hlubocany'),
(1223, 7, 48, '568368', 'Hlubocec'),
(1224, 9, 21, '502146', 'Hlubocky'),
(1225, 6, 58, '571407', 'Hluboká'),
(1226, 3, 3, '544485', 'Hluboká nad Vltavou'),
(1227, 10, 23, '590614', 'Hluboké'),
(1228, 4, 25, '581577', 'Hluboké Dvory'),
(1229, 4, 34, '594041', 'Hluboké Mašuvky'),
(1230, 2, 60, '540242', 'Hluboš'),
(1231, 2, 60, '564605', 'Hlubyne'),
(1232, 7, 48, '507016', 'Hlucín'),
(1233, 9, 12, '589501', 'Hluchov'),
(1234, 12, 24, '592170', 'Hluk'),
(1235, 3, 40, '536628', 'Hlupín'),
(1236, 5, 22, '570001', 'Hlušice'),
(1237, 9, 21, '552020', 'Hlušovice'),
(1238, 13, 46, '542083', 'Hnacov'),
(1239, 4, 34, '594059', 'Hnanice'),
(1240, 6, 6, '580261', 'Hnátnice'),
(1241, 5, 22, '570010', 'Hnevceves'),
(1242, 10, 28, '568694', 'Hnevkovice'),
(1243, 13, 43, '530221', 'Hnevnice'),
(1244, 7, 48, '507105', 'Hnevošice'),
(1245, 9, 21, '502235', 'Hnevotín'),
(1246, 9, 21, '502405', 'Hnojice'),
(1247, 7, 38, '598160', 'Hnojník'),
(1248, 2, 51, '513075', 'Hobšovice'),
(1249, 4, 68, '593044', 'Hodejice'),
(1250, 3, 31, '598992', 'Hodetín'),
(1251, 10, 16, '587141', 'Hodice'),
(1252, 10, 30, '595624', 'Hodíškov'),
(1253, 8, 62, '564061', 'Hodkovice nad Mohelkou'),
(1254, 3, 31, '562904', 'Hodonice'),
(1255, 4, 34, '594067', 'Hodonice'),
(1256, 6, 58, '547794', 'Hodonín'),
(1257, 4, 4, '581593', 'Hodonín'),
(1258, 4, 14, '586021', 'Hodonín'),
(1259, 10, 23, '590622', 'Hodov'),
(1260, 7, 11, '599409', 'Hodslavice'),
(1261, 10, 15, '547883', 'Hojanovice'),
(1262, 10, 16, '587150', 'Hojkov'),
(1263, 10, 15, '561096', 'Hojovice'),
(1264, 8, 61, '561584', 'Holany'),
(1265, 4, 25, '583031', 'Holasice'),
(1266, 7, 48, '507113', 'Holasovice'),
(1267, 7, 13, '597341', 'Holcovice'),
(1268, 11, 65, '566187', 'Holedec'),
(1269, 8, 49, '577111', 'Holenice'),
(1270, 12, 37, '588458', 'Holešov'),
(1271, 6, 58, '571440', 'Holetín'),
(1272, 6, 35, '574988', 'Holice'),
(1273, 5, 27, '572900', 'Holín'),
(1274, 5, 22, '570028', 'Holohlavy'),
(1275, 6, 35, '573019', 'Holotín'),
(1276, 13, 59, '559814', 'Holoubkov'),
(1277, 13, 43, '566730', 'Holovousy'),
(1278, 5, 27, '572918', 'Holovousy'),
(1279, 4, 4, '581615', 'Holštejn'),
(1280, 2, 69, '539228', 'Holubice'),
(1281, 4, 68, '550825', 'Holubice'),
(1282, 3, 55, '545490', 'Holubov'),
(1283, 13, 26, '553654', 'Holýšov'),
(1284, 3, 3, '544493', 'Homole'),
(1285, 11, 75, '567973', 'Homole u Panny'),
(1286, 6, 58, '571458', 'Honbice'),
(1287, 12, 37, '542342', 'Honetice'),
(1288, 13, 66, '540668', 'Honezovice'),
(1289, 11, 45, '567167', 'Hora Svaté Kateriny'),
(1290, 11, 63, '563064', 'Hora Svatého Šebestiána'),
(1291, 13, 26, '566276', 'Hora Svatého Václava'),
(1292, 13, 46, '556254', 'Horaždovice'),
(1293, 2, 60, '564257', 'Horcápsko'),
(1294, 6, 58, '571466', 'Horka'),
(1295, 2, 2, '531430', 'Horka I'),
(1296, 2, 2, '534056', 'Horka II'),
(1297, 9, 21, '502545', 'Horka nad Moravou'),
(1298, 8, 49, '574201', 'Horka u Staré Paky'),
(1299, 2, 2, '531359', 'Horky'),
(1300, 6, 32, '578053', 'Horky'),
(1301, 2, 29, '535818', 'Horky nad Jizerou'),
(1302, 12, 70, '542687', 'Horní Becva'),
(1303, 13, 43, '558877', 'Horní Belá'),
(1304, 7, 13, '597350', 'Horní Benešov'),
(1305, 11, 47, '564851', 'Horní Berkovice'),
(1306, 2, 51, '532312', 'Horní Bezdekov'),
(1307, 1, 1, '555169', 'Horní Blatná'),
(1308, 7, 7, '598178', 'Horní Bludovice'),
(1309, 4, 41, '584461', 'Horní Bojanovice'),
(1310, 6, 58, '571474', 'Horní Bradlo'),
(1311, 8, 49, '577120', 'Horní Branná'),
(1312, 5, 39, '579238', 'Horní Brusnice'),
(1313, 4, 34, '594075', 'Horní Breckov'),
(1314, 13, 43, '558885', 'Horní Bríza'),
(1315, 2, 29, '535834', 'Horní Bukovina'),
(1316, 10, 15, '547913', 'Horní Cerekev'),
(1317, 6, 6, '580279', 'Horní Cermná'),
(1318, 7, 38, '512192', 'Horní Domaslavice'),
(1319, 10, 16, '587168', 'Horní Dubenky'),
(1320, 4, 34, '594083', 'Horní Dubnany'),
(1321, 4, 34, '594091', 'Horní Dunajovice'),
(1322, 3, 55, '545503', 'Horní Dvorište'),
(1323, 11, 17, '545929', 'Horní Habartice'),
(1324, 6, 6, '580295', 'Horní Hermanice'),
(1325, 10, 23, '590631', 'Horní Hermanice'),
(1326, 6, 35, '574996', 'Horní Jelení'),
(1327, 11, 45, '567175', 'Horní Jiretín'),
(1328, 5, 39, '579254', 'Horní Kalná'),
(1329, 13, 26, '553662', 'Horní Kamenice'),
(1330, 3, 3, '536105', 'Horní Knežeklady'),
(1331, 4, 34, '594105', 'Horní Kounice'),
(1332, 13, 56, '541290', 'Horní Kozolupy'),
(1333, 10, 28, '568708', 'Horní Krupá'),
(1334, 2, 36, '533327', 'Horní Kruty'),
(1335, 12, 37, '588474', 'Horní Lapac'),
(1336, 7, 74, '569500', 'Horní Lhota'),
(1337, 12, 53, '585246', 'Horní Lhota'),
(1338, 8, 61, '561592', 'Horní Libchava'),
(1339, 10, 30, '595659', 'Horní Libochová'),
(1340, 12, 70, '542725', 'Horní Lidec'),
(1341, 9, 21, '569798', 'Horní Lodenice'),
(1342, 7, 38, '511986', 'Horní Lomná'),
(1343, 4, 25, '595667', 'Horní Loucky'),
(1344, 13, 66, '539821', 'Horní Lukavice'),
(1345, 5, 39, '579262', 'Horní Maršov'),
(1346, 7, 13, '597368', 'Horní Mesto'),
(1347, 3, 33, '598658', 'Horní Mezirícko'),
(1348, 9, 52, '513491', 'Horní Moštenice'),
(1349, 10, 16, '587206', 'Horní Myslová'),
(1350, 12, 24, '592188', 'Horní Nemcí'),
(1351, 3, 33, '562785', 'Horní Nemcice'),
(1352, 9, 52, '569275', 'Horní Netcice'),
(1353, 5, 39, '579271', 'Horní Olešnice'),
(1354, 10, 28, '548243', 'Horní Paseka'),
(1355, 3, 33, '546364', 'Horní Pena'),
(1356, 3, 55, '545511', 'Horní Planá'),
(1357, 2, 73, '534790', 'Horní Pocaply'),
(1358, 11, 17, '562505', 'Horní Podluží'),
(1359, 8, 61, '561606', 'Horní Police'),
(1360, 3, 40, '536881', 'Horní Porící'),
(1361, 4, 4, '581631', 'Horní Porící'),
(1362, 5, 5, '574066', 'Horní Radechová'),
(1363, 3, 33, '546381', 'Horní Radoun'),
(1364, 10, 30, '595675', 'Horní Radslavice'),
(1365, 10, 15, '551589', 'Horní Rápotice'),
(1366, 10, 30, '595683', 'Horní Rožínka'),
(1367, 8, 62, '564079', 'Horní Rasnice'),
(1368, 6, 35, '575011', 'Horní Redice'),
(1369, 11, 47, '546763', 'Horní Repcice'),
(1370, 3, 33, '561061', 'Horní Skrýchov'),
(1371, 3, 33, '562319', 'Horní Slatina'),
(1372, 1, 72, '560367', 'Horní Slavkov'),
(1373, 2, 29, '599531', 'Horní Slivno'),
(1374, 10, 23, '550612', 'Horní Smrcné'),
(1375, 4, 4, '513695', 'Horní Smržov'),
(1376, 3, 3, '544515', 'Horní Stropnice'),
(1377, 9, 67, '535770', 'Horní Studénky'),
(1378, 7, 7, '552739', 'Horní Suchá'),
(1379, 9, 12, '589519', 'Horní Štepánov'),
(1380, 9, 52, '552968', 'Horní Tešice'),
(1381, 7, 38, '552631', 'Horní Tošanovice'),
(1382, 6, 6, '580333', 'Horní Trešnovec'),
(1383, 9, 52, '569542', 'Horní Újezd'),
(1384, 6, 32, '572365', 'Horní Újezd'),
(1385, 10, 23, '590649', 'Horní Újezd'),
(1386, 10, 15, '547930', 'Horní Ves'),
(1387, 4, 41, '584479', 'Horní Vestonice'),
(1388, 10, 23, '590657', 'Horní Vilémovice'),
(1389, 3, 19, '550205', 'Horní Vltavice'),
(1390, 7, 13, '551805', 'Horní Životice'),
(1391, 10, 23, '590665', 'Hornice'),
(1392, 3, 40, '536369', 'Hornosín'),
(1393, 2, 69, '539236', 'Horomerice'),
(1394, 3, 9, '561525', 'Horosedly'),
(1395, 2, 20, '538221', 'Horoušany'),
(1396, 13, 46, '542091', 'Horská Kvilda'),
(1397, 13, 66, '557722', 'Horšice'),
(1398, 13, 26, '553671', 'Horšovský Týn');
INSERT INTO `obec_cities` (`id`, `kraj_region_id`, `okres_county_id`, `kod`, `nazev`) VALUES
(1399, 2, 2, '531481', 'Horušice'),
(1400, 1, 1, '551651', 'Hory'),
(1401, 2, 57, '534854', 'Horany'),
(1402, 2, 57, '537152', 'Horátev'),
(1403, 5, 5, '547531', 'Horenice'),
(1404, 10, 15, '547948', 'Horepník'),
(1405, 2, 44, '541729', 'Horesedly'),
(1406, 2, 51, '532321', 'Horešovice'),
(1407, 2, 51, '535150', 'Horešovicky'),
(1408, 10, 15, '547956', 'Horice'),
(1409, 5, 27, '572926', 'Horice'),
(1410, 3, 55, '545520', 'Horice na Šumave'),
(1411, 5, 5, '574074', 'Horicky'),
(1412, 2, 73, '534803', 'Horín'),
(1413, 5, 22, '570044', 'Horineves'),
(1414, 2, 42, '531189', 'Horovice'),
(1415, 2, 44, '541737', 'Horovicky'),
(1416, 3, 3, '544523', 'Hosín'),
(1417, 3, 40, '551104', 'Hoslovice'),
(1418, 2, 51, '532339', 'Hospozín'),
(1419, 3, 33, '546402', 'Hospríz'),
(1420, 7, 11, '568511', 'Hostašovice'),
(1421, 12, 24, '592196', 'Hostejov'),
(1422, 4, 25, '583057', 'Hostenice'),
(1423, 4, 34, '594113', 'Hosteradice'),
(1424, 4, 68, '593052', 'Hosterádky-Rešov'),
(1425, 10, 16, '587192', 'Hostetice'),
(1426, 12, 24, '550736', 'Hostetín'),
(1427, 4, 34, '594121', 'Hostim'),
(1428, 2, 73, '531499', 'Hostín'),
(1429, 2, 73, '531928', 'Hostín u Vojkovic'),
(1430, 5, 39, '579297', 'Hostinné'),
(1431, 12, 53, '585254', 'Hostišová'),
(1432, 2, 69, '539244', 'Hostivice'),
(1433, 2, 42, '531201', 'Hostomice'),
(1434, 11, 64, '567531', 'Hostomice'),
(1435, 2, 51, '532347', 'Hostoun'),
(1436, 13, 26, '553689', 'Hostoun'),
(1437, 2, 2, '534064', 'Hostovlice'),
(1438, 3, 3, '535524', 'Hosty'),
(1439, 12, 70, '542750', 'Hoštálková'),
(1440, 7, 13, '597392', 'Hoštálkovy'),
(1441, 6, 58, '571482', 'Hoštalovice'),
(1442, 9, 67, '535885', 'Hoštejn'),
(1443, 3, 40, '551121', 'Hoštice'),
(1444, 12, 37, '588482', 'Hoštice'),
(1445, 4, 68, '593061', 'Hoštice-Heroltice'),
(1446, 11, 47, '564877', 'Hoštka'),
(1447, 13, 56, '560898', 'Hoštka'),
(1448, 12, 70, '542768', 'Hovezí'),
(1449, 4, 14, '586170', 'Hovorany'),
(1450, 2, 20, '538230', 'Hovorcovice'),
(1451, 9, 67, '553387', 'Hrabešice'),
(1452, 2, 2, '531413', 'Hrabešín'),
(1453, 4, 34, '594130', 'Hrabetice'),
(1454, 9, 67, '536091', 'Hrabišín'),
(1455, 9, 67, '553221', 'Hrabová'),
(1456, 9, 52, '513636', 'Hrabuvka'),
(1457, 7, 48, '507261', 'Hrabyne'),
(1458, 3, 3, '535460', 'Hradce'),
(1459, 9, 52, '513733', 'Hradcany'),
(1460, 2, 57, '537161', 'Hradcany'),
(1461, 4, 25, '583065', 'Hradcany'),
(1462, 9, 12, '589527', 'Hradcany-Koberice'),
(1463, 12, 24, '592200', 'Hradcovice'),
(1464, 13, 66, '557731', 'Hradec'),
(1465, 10, 28, '568724', 'Hradec'),
(1466, 5, 22, '569810', 'Hradec Králové'),
(1467, 7, 48, '507270', 'Hradec nad Moravicí'),
(1468, 6, 32, '572691', 'Hradec nad Svitavou'),
(1469, 9, 50, '553301', 'Hradec-Nová Ves'),
(1470, 2, 51, '532355', 'Hradecno'),
(1471, 7, 38, '512176', 'Hrádek'),
(1472, 6, 6, '547972', 'Hrádek'),
(1473, 13, 46, '556301', 'Hrádek'),
(1474, 13, 59, '559822', 'Hrádek'),
(1475, 5, 22, '570052', 'Hrádek'),
(1476, 4, 34, '594148', 'Hrádek'),
(1477, 8, 62, '564095', 'Hrádek nad Nisou'),
(1478, 13, 46, '556319', 'Hradešice'),
(1479, 2, 36, '564800', 'Hradešín'),
(1480, 2, 54, '532932', 'Hradište'),
(1481, 13, 59, '541001', 'Hradište'),
(1482, 1, 1, '555177', 'Hradište'),
(1483, 13, 66, '557749', 'Hradište'),
(1484, 13, 26, '566179', 'Hradište'),
(1485, 2, 57, '537179', 'Hradištko'),
(1486, 2, 69, '539252', 'Hradištko'),
(1487, 3, 19, '550221', 'Hracholusky'),
(1488, 2, 44, '565202', 'Hracholusky'),
(1489, 3, 33, '562831', 'Hrachovište'),
(1490, 9, 52, '513750', 'Hranice'),
(1491, 3, 3, '544540', 'Hranice'),
(1492, 1, 18, '554553', 'Hranice'),
(1493, 9, 21, '546976', 'Hranicné Petrovice'),
(1494, 3, 9, '549410', 'Hrazany'),
(1495, 7, 38, '598232', 'Hrcava'),
(1496, 3, 3, '544558', 'Hrdejovice'),
(1497, 9, 12, '589535', 'Hrdiborice'),
(1498, 2, 51, '532363', 'Hrdlív'),
(1499, 2, 29, '535869', 'Hrdlorezy'),
(1500, 3, 9, '549428', 'Hrejkovice'),
(1501, 11, 64, '567558', 'Hrob'),
(1502, 11, 47, '564893', 'Hrobce'),
(1503, 11, 64, '567566', 'Hrobcice'),
(1504, 6, 35, '575046', 'Hrobice'),
(1505, 12, 53, '585262', 'Hrobice'),
(1506, 6, 58, '571491', 'Hrochuv Týnec'),
(1507, 13, 43, '558915', 'Hromnice'),
(1508, 5, 5, '574082', 'Hronov'),
(1509, 10, 23, '590673', 'Hrotovice'),
(1510, 6, 58, '571504', 'Hroubovice'),
(1511, 10, 23, '550639', 'Hroznatín'),
(1512, 1, 1, '555185', 'Hroznetín'),
(1513, 4, 14, '586188', 'Hroznová Lhota'),
(1514, 8, 49, '577146', 'Hrubá Skála'),
(1515, 4, 14, '586196', 'Hrubá Vrbka'),
(1516, 9, 12, '589543', 'Hrubcice'),
(1517, 2, 57, '599638', 'Hrubý Jeseník'),
(1518, 2, 20, '538248', 'Hrusice'),
(1519, 9, 12, '543543', 'Hruška'),
(1520, 4, 41, '584487', 'Hrušky'),
(1521, 4, 68, '593079', 'Hrušky'),
(1522, 2, 29, '565733', 'Hrušov'),
(1523, 6, 6, '580341', 'Hrušová'),
(1524, 11, 63, '563072', 'Hrušovany'),
(1525, 4, 34, '594156', 'Hrušovany nad Jevišovkou'),
(1526, 4, 25, '583081', 'Hrušovany u Brna'),
(1527, 10, 16, '590681', 'Hrutov'),
(1528, 2, 51, '532371', 'Hrebec'),
(1529, 2, 44, '541761', 'Hrebecníky'),
(1530, 2, 42, '531219', 'Hredle'),
(1531, 2, 44, '541770', 'Hredle'),
(1532, 11, 17, '562513', 'Hrensko'),
(1533, 5, 8, '548642', 'Hribiny-Ledská'),
(1534, 5, 39, '579301', 'Hribojedy'),
(1535, 2, 60, '540285', 'Hrimeždice'),
(1536, 3, 33, '546445', 'Hríšice'),
(1537, 11, 65, '566195', 'Hríškov'),
(1538, 11, 65, '566217', 'Hrivice'),
(1539, 12, 53, '585271', 'Hrivínuv Újezd'),
(1540, 10, 16, '587222', 'Hubenov'),
(1541, 2, 60, '513580', 'Hudcice'),
(1542, 2, 42, '531227', 'Hudlice'),
(1543, 7, 38, '598691', 'Hukvaldy'),
(1544, 2, 54, '529737', 'Hulice'),
(1545, 12, 37, '588491', 'Hulín'),
(1546, 5, 22, '570087', 'Humburky'),
(1547, 10, 15, '547999', 'Humpolec'),
(1548, 11, 17, '562521', 'Huntírov'),
(1549, 13, 59, '559849', 'Hurky'),
(1550, 10, 28, '530646', 'Hurtova Lhota'),
(1551, 3, 3, '535753', 'Hury'),
(1552, 2, 29, '599522', 'Husí Lhota'),
(1553, 2, 20, '538256', 'Husinec'),
(1554, 3, 19, '550230', 'Husinec'),
(1555, 12, 70, '542784', 'Huslenky'),
(1556, 4, 41, '584495', 'Hustopece'),
(1557, 9, 52, '513768', 'Hustopece nad Becvou'),
(1558, 12, 24, '592218', 'Huštenovice'),
(1559, 12, 70, '542814', 'Hutisko-Solanec'),
(1560, 9, 21, '597414', 'Huzová'),
(1561, 4, 68, '593087', 'Hvezdlice'),
(1562, 2, 54, '529745', 'Hvezdonice'),
(1563, 10, 23, '590690', 'Hvezdonovice'),
(1564, 13, 43, '558931', 'Hvozd'),
(1565, 2, 44, '565334', 'Hvozd'),
(1566, 9, 12, '589560', 'Hvozd'),
(1567, 2, 42, '531235', 'Hvozdec'),
(1568, 3, 3, '535613', 'Hvozdec'),
(1569, 4, 25, '583090', 'Hvozdec'),
(1570, 12, 53, '585289', 'Hvozdná'),
(1571, 2, 69, '539261', 'Hvozdnice'),
(1572, 5, 22, '573621', 'Hvozdnice'),
(1573, 2, 60, '540315', 'Hvoždany'),
(1574, 13, 26, '566331', 'Hvoždany'),
(1575, 10, 16, '550281', 'Hybrálec'),
(1576, 5, 5, '574163', 'Hyncice'),
(1577, 9, 67, '536113', 'Hyncina'),
(1578, 2, 42, '531243', 'Hýskov'),
(1579, 4, 14, '586200', 'Hýsly'),
(1580, 11, 75, '568007', 'Chabarovice'),
(1581, 2, 2, '534081', 'Chaberice'),
(1582, 2, 42, '531251', 'Chaloupky'),
(1583, 13, 46, '556335', 'Chanovice'),
(1584, 2, 29, '565784', 'Charvatce'),
(1585, 9, 21, '568872', 'Charváty'),
(1586, 2, 54, '532886', 'Chárovice'),
(1587, 11, 63, '563081', 'Chbany'),
(1588, 1, 18, '554481', 'Cheb'),
(1589, 3, 40, '551139', 'Chelcice'),
(1590, 13, 59, '559857', 'Cheznovice'),
(1591, 7, 48, '512923', 'Chlebicov'),
(1592, 2, 54, '532878', 'Chleby'),
(1593, 2, 57, '599620', 'Chleby'),
(1594, 5, 8, '576310', 'Chleny'),
(1595, 13, 46, '556343', 'Chlistov'),
(1596, 2, 54, '532045', 'Chlístov'),
(1597, 5, 8, '548791', 'Chlístov'),
(1598, 10, 23, '590703', 'Chlístov'),
(1599, 2, 2, '534099', 'Chlístovice'),
(1600, 2, 54, '529770', 'Chlum'),
(1601, 3, 40, '529982', 'Chlum'),
(1602, 13, 59, '540803', 'Chlum'),
(1603, 13, 66, '557773', 'Chlum'),
(1604, 8, 61, '561614', 'Chlum'),
(1605, 10, 23, '590711', 'Chlum'),
(1606, 1, 72, '560375', 'Chlum Svaté Marí'),
(1607, 3, 33, '546461', 'Chlum u Trebone'),
(1608, 3, 19, '550248', 'Chlumany'),
(1609, 13, 66, '557781', 'Chlumcany'),
(1610, 11, 65, '566233', 'Chlumcany'),
(1611, 3, 55, '536229', 'Chlumec'),
(1612, 11, 75, '568015', 'Chlumec'),
(1613, 5, 22, '570109', 'Chlumec nad Cidlinou'),
(1614, 10, 30, '595713', 'Chlumek'),
(1615, 10, 30, '595721', 'Chlumetín'),
(1616, 2, 73, '534820', 'Chlumín'),
(1617, 10, 30, '595705', 'Chlum-Korouhvice'),
(1618, 13, 66, '540307', 'Chlumy'),
(1619, 2, 42, '534455', 'Chlustina'),
(1620, 6, 32, '572730', 'Chmelík'),
(1621, 2, 54, '529788', 'Chmelná'),
(1622, 3, 40, '536903', 'Chobot'),
(1623, 6, 6, '580350', 'Chocen'),
(1624, 13, 66, '557803', 'Chocenice'),
(1625, 2, 54, '529796', 'Chocerady'),
(1626, 2, 29, '535923', 'Chocnejovice'),
(1627, 13, 26, '553727', 'Chocomyšl'),
(1628, 2, 42, '534447', 'Chodoun'),
(1629, 11, 47, '564923', 'Chodouny'),
(1630, 13, 26, '553735', 'Chodov'),
(1631, 1, 72, '560383', 'Chodov'),
(1632, 1, 1, '578011', 'Chodov'),
(1633, 13, 56, '560901', 'Chodová Planá'),
(1634, 11, 47, '564931', 'Chodovlice'),
(1635, 13, 26, '553743', 'Chodská Lhota'),
(1636, 13, 56, '560910', 'Chodský Újezd'),
(1637, 5, 27, '549355', 'Cholenice'),
(1638, 9, 21, '502839', 'Cholina'),
(1639, 6, 35, '575054', 'Choltice'),
(1640, 13, 59, '541141', 'Chomle'),
(1641, 5, 27, '572969', 'Chomutice'),
(1642, 11, 63, '562971', 'Chomutov'),
(1643, 12, 37, '588504', 'Chomýž'),
(1644, 2, 54, '532606', 'Choratice'),
(1645, 6, 32, '578096', 'Chornice'),
(1646, 2, 73, '534838', 'Chorušice'),
(1647, 12, 70, '542831', 'Choryne'),
(1648, 2, 57, '537217', 'Chotánky'),
(1649, 10, 28, '568759', 'Chotebor'),
(1650, 10, 23, '550477', 'Chotebudice'),
(1651, 7, 7, '555291', 'Chotebuz'),
(1652, 2, 69, '539287', 'Chotec'),
(1653, 5, 27, '549037', 'Chotec'),
(1654, 6, 35, '575062', 'Chotec'),
(1655, 3, 31, '552453', 'Chotemice'),
(1656, 6, 32, '578100', 'Chotenov'),
(1657, 2, 57, '537225', 'Chotešice'),
(1658, 13, 66, '557838', 'Chotešov'),
(1659, 11, 47, '564940', 'Chotešov'),
(1660, 2, 29, '535931', 'Chotetov'),
(1661, 5, 39, '579319', 'Chotevice'),
(1662, 13, 43, '558940', 'Chotíkov'),
(1663, 2, 60, '540323', 'Chotilsko'),
(1664, 11, 47, '564958', 'Chotimer'),
(1665, 11, 47, '564966', 'Chotineves'),
(1666, 8, 61, '561622', 'Chotovice'),
(1667, 6, 32, '578118', 'Chotovice'),
(1668, 2, 36, '534994', 'Chotovice'),
(1669, 3, 31, '552461', 'Chotoviny'),
(1670, 2, 2, '534102', 'Chotusice'),
(1671, 2, 36, '533343', 'Chotutice'),
(1672, 3, 3, '535907', 'Chotýcany'),
(1673, 8, 62, '564109', 'Chotyne'),
(1674, 2, 54, '529818', 'Chotýšany'),
(1675, 3, 31, '552470', 'Choustník'),
(1676, 5, 39, '579327', 'Choustníkovo Hradište'),
(1677, 11, 65, '566241', 'Chožov'),
(1678, 11, 65, '546429', 'Chraberce'),
(1679, 6, 58, '571539', 'Chrast'),
(1680, 2, 57, '537233', 'Chrást'),
(1681, 13, 76, '558966', 'Chrást'),
(1682, 2, 60, '564249', 'Chrást'),
(1683, 8, 62, '564117', 'Chrastava'),
(1684, 6, 32, '578126', 'Chrastavec'),
(1685, 13, 26, '553751', 'Chrastavice'),
(1686, 2, 54, '532037', 'Chráštany'),
(1687, 2, 36, '533351', 'Chráštany'),
(1688, 2, 69, '539295', 'Chráštany'),
(1689, 2, 44, '541818', 'Chráštany'),
(1690, 3, 3, '544591', 'Chráštany'),
(1691, 2, 60, '540358', 'Chraštice'),
(1692, 3, 40, '551155', 'Chráštovice'),
(1693, 3, 31, '563145', 'Chrbonín'),
(1694, 3, 19, '550264', 'Chroboly'),
(1695, 9, 67, '569305', 'Chromec'),
(1696, 12, 37, '588512', 'Chropyne'),
(1697, 2, 57, '534706', 'Chroustov'),
(1698, 6, 58, '571547', 'Chroustovice'),
(1699, 10, 28, '568767', 'Chrtníc'),
(1700, 6, 35, '572764', 'Chrtníky'),
(1701, 4, 4, '581534', 'Chrudichromy'),
(1702, 6, 58, '571164', 'Chrudim'),
(1703, 2, 42, '533670', 'Chrustenice'),
(1704, 2, 51, '532398', 'Chržín'),
(1705, 10, 28, '573574', 'Chrenovice'),
(1706, 11, 17, '562530', 'Chribská'),
(1707, 13, 43, '558974', 'Chríc'),
(1708, 4, 25, '583111', 'Chudcice'),
(1709, 13, 46, '556378', 'Chudenice'),
(1710, 13, 46, '556386', 'Chudenín'),
(1711, 11, 75, '568023', 'Chuderov'),
(1712, 5, 22, '570125', 'Chuderice'),
(1713, 2, 29, '571849', 'Chudír'),
(1714, 11, 47, '546810', 'Chudoslavice'),
(1715, 8, 49, '577154', 'Chuchelna'),
(1716, 7, 48, '507334', 'Chuchelná'),
(1717, 4, 34, '594164', 'Chvalatice'),
(1718, 12, 37, '506737', 'Chvalcov'),
(1719, 5, 39, '579335', 'Chvalec'),
(1720, 13, 76, '557846', 'Chválenice'),
(1721, 6, 35, '575071', 'Chvaletice'),
(1722, 7, 48, '569909', 'Chvalíkovice'),
(1723, 5, 5, '574112', 'Chvalkovice'),
(1724, 4, 68, '593095', 'Chvalkovice'),
(1725, 12, 37, '588547', 'Chvalnov-Lísky'),
(1726, 3, 19, '537420', 'Chvalovice'),
(1727, 4, 34, '594172', 'Chvalovice'),
(1728, 3, 55, '545546', 'Chvalšiny'),
(1729, 2, 73, '534846', 'Chvateruby'),
(1730, 6, 35, '575089', 'Chvojenec'),
(1731, 5, 27, '549223', 'Chyjice'),
(1732, 2, 42, '531294', 'Chynava'),
(1733, 2, 69, '539309', 'Chýne'),
(1734, 2, 69, '513431', 'Chýnice'),
(1735, 3, 31, '552496', 'Chýnov'),
(1736, 10, 15, '561339', 'Chýstovice'),
(1737, 1, 1, '555207', 'Chyše'),
(1738, 3, 9, '549452', 'Chyšky'),
(1739, 10, 15, '561321', 'Chyšná'),
(1740, 6, 35, '575097', 'Chýšt'),
(1741, 4, 25, '584517', 'Ivan'),
(1742, 9, 12, '589578', 'Ivan'),
(1743, 4, 25, '583120', 'Ivancice'),
(1744, 4, 68, '593117', 'Ivanovice na Hané'),
(1745, 2, 29, '535966', 'Jabkenice'),
(1746, 4, 4, '581666', 'Jablonany'),
(1747, 8, 49, '577162', 'Jablonec nad Jizerou'),
(1748, 8, 10, '563510', 'Jablonec nad Nisou'),
(1749, 2, 60, '540374', 'Jablonná'),
(1750, 6, 6, '580376', 'Jablonné nad Orlicí'),
(1751, 8, 62, '561631', 'Jablonné v Podještedí'),
(1752, 10, 30, '595730', 'Jablonov'),
(1753, 12, 70, '542865', 'Jablunka'),
(1754, 7, 38, '598259', 'Jablunkov'),
(1755, 5, 8, '548782', 'Jahodov'),
(1756, 1, 1, '555215', 'Jáchymov'),
(1757, 7, 48, '507377', 'Jakartovice'),
(1758, 7, 11, '554065', 'Jakubcovice nad Odrou'),
(1759, 10, 23, '590746', 'Jakubov u Moravských Budejovic'),
(1760, 9, 67, '553344', 'Jakubovice'),
(1761, 12, 24, '592226', 'Jalubí'),
(1762, 10, 16, '587249', 'Jamné'),
(1763, 6, 6, '580392', 'Jamné nad Orlicí'),
(1764, 4, 34, '594181', 'Jamolice'),
(1765, 10, 30, '595756', 'Jámy'),
(1766, 2, 54, '529842', 'Jankov'),
(1767, 3, 3, '544612', 'Jankov'),
(1768, 10, 15, '561461', 'Jankov'),
(1769, 6, 35, '575101', 'Jankovice'),
(1770, 12, 37, '588555', 'Jankovice'),
(1771, 12, 24, '592234', 'Jankovice'),
(1772, 9, 67, '553212', 'Janoušov'),
(1773, 11, 17, '544680', 'Janov'),
(1774, 2, 44, '565270', 'Janov'),
(1775, 5, 8, '576328', 'Janov'),
(1776, 6, 32, '578134', 'Janov'),
(1777, 7, 13, '597431', 'Janov'),
(1778, 8, 10, '563595', 'Janov nad Nisou'),
(1779, 12, 70, '570346', 'Janová'),
(1780, 7, 38, '507423', 'Janovice'),
(1781, 13, 46, '556394', 'Janovice nad Úhlavou'),
(1782, 8, 62, '561657', 'Janovice v Podještedí'),
(1783, 11, 17, '530395', 'Janská'),
(1784, 5, 39, '579351', 'Janské Lázne'),
(1785, 8, 62, '546658', 'Januv Dul'),
(1786, 6, 32, '578142', 'Januvky'),
(1787, 12, 70, '542903', 'Jarcová'),
(1788, 12, 37, '588563', 'Jarohnevice'),
(1789, 5, 5, '574121', 'Jaromer'),
(1790, 6, 32, '578151', 'Jaromerice'),
(1791, 10, 23, '590754', 'Jaromerice nad Rokytnou'),
(1792, 6, 35, '575119', 'Jaroslav'),
(1793, 4, 34, '594199', 'Jaroslavice'),
(1794, 6, 32, '578169', 'Jarošov'),
(1795, 3, 33, '546500', 'Jarošov nad Nežárkou'),
(1796, 13, 43, '558982', 'Jarov'),
(1797, 13, 66, '578541', 'Jarov'),
(1798, 2, 51, '532401', 'Jarpice'),
(1799, 10, 23, '590762', 'Jasenice'),
(1800, 5, 5, '574139', 'Jasenná'),
(1801, 12, 53, '585301', 'Jasenná'),
(1802, 13, 46, '541869', 'Javor'),
(1803, 10, 30, '595748', 'Javorek'),
(1804, 5, 8, '576336', 'Javornice'),
(1805, 2, 54, '529851', 'Javorník'),
(1806, 9, 50, '536148', 'Javorník'),
(1807, 6, 32, '572713', 'Javorník'),
(1808, 6, 6, '580406', 'Javorník'),
(1809, 4, 14, '586218', 'Javorník'),
(1810, 4, 25, '583154', 'Javurek'),
(1811, 10, 28, '568783', 'Jedlá'),
(1812, 3, 31, '562963', 'Jedlany'),
(1813, 9, 67, '536288', 'Jedlí'),
(1814, 6, 32, '578185', 'Jedlová'),
(1815, 2, 51, '532410', 'Jedomelice'),
(1816, 6, 35, '575127', 'Jedousov'),
(1817, 4, 4, '581682', 'Jedovnice'),
(1818, 6, 6, '580414', 'Jehnedí'),
(1819, 10, 23, '590789', 'Jemnice'),
(1820, 2, 51, '532428', 'Jemníky'),
(1821, 11, 47, '505528', 'Jencice'),
(1822, 2, 69, '539317', 'Jenec'),
(1823, 6, 58, '547816', 'Jeníkov'),
(1824, 11, 64, '567582', 'Jeníkov'),
(1825, 5, 22, '570133', 'Jeníkovice'),
(1826, 6, 35, '575135', 'Jeníkovice'),
(1827, 1, 1, '537926', 'Jenišov'),
(1828, 8, 10, '563609', 'Jenišovice'),
(1829, 6, 58, '571563', 'Jenišovice'),
(1830, 2, 20, '538264', 'Jenštejn'),
(1831, 10, 16, '587265', 'Jersín'),
(1832, 5, 27, '572993', 'Jerice'),
(1833, 10, 28, '568805', 'Jerišno'),
(1834, 8, 62, '530484', 'Jermanice'),
(1835, 9, 12, '589586', 'Jesenec'),
(1836, 2, 69, '539325', 'Jesenice'),
(1837, 2, 60, '540391', 'Jesenice'),
(1838, 2, 44, '541834', 'Jesenice'),
(1839, 9, 50, '536385', 'Jeseník'),
(1840, 7, 11, '599468', 'Jeseník nad Odrou'),
(1841, 8, 49, '577171', 'Jesenný'),
(1842, 12, 53, '585319', 'Jestrabí'),
(1843, 2, 36, '533360', 'Jestrabí Lhota'),
(1844, 8, 49, '577189', 'Jestrabí v Krkonoších'),
(1845, 9, 67, '536393', 'Jestrebí'),
(1846, 8, 61, '561665', 'Jestrebí'),
(1847, 5, 5, '574147', 'Jestrebí'),
(1848, 2, 54, '532134', 'Ješetice'),
(1849, 3, 9, '549479', 'Jetetice'),
(1850, 5, 5, '574155', 'Jetrichov'),
(1851, 11, 17, '562556', 'Jetrichovice'),
(1852, 2, 20, '533378', 'Jevany'),
(1853, 6, 32, '578193', 'Jevícko'),
(1854, 2, 73, '531871', 'Jevineves'),
(1855, 4, 34, '594202', 'Jevišovice'),
(1856, 4, 41, '584525', 'Jevišovka'),
(1857, 6, 35, '575143', 'Jezborice'),
(1858, 7, 48, '547191', 'Jezdkovice'),
(1859, 10, 16, '587273', 'Jezdovice'),
(1860, 9, 52, '556998', 'Jezernice'),
(1861, 4, 34, '594211', 'Jezerany-Maršovice'),
(1862, 10, 16, '587281', 'Ježená'),
(1863, 4, 68, '593125', 'Ježkovice'),
(1864, 10, 15, '548073', 'Ježov'),
(1865, 4, 14, '586226', 'Ježov'),
(1866, 13, 46, '541753', 'Ježovy'),
(1867, 3, 9, '562084', 'Jickovice'),
(1868, 5, 27, '572659', 'Jicín'),
(1869, 5, 27, '573001', 'Jicíneves'),
(1870, 10, 16, '586846', 'Jihlava'),
(1871, 10, 16, '587290', 'Jihlávka'),
(1872, 2, 57, '537250', 'Jíkev'),
(1873, 10, 28, '548413', 'Jilem'),
(1874, 3, 33, '562769', 'Jilem'),
(1875, 8, 49, '577197', 'Jilemnice'),
(1876, 11, 17, '562564', 'Jílové'),
(1877, 8, 10, '563617', 'Jílové u Držkova'),
(1878, 2, 69, '539333', 'Jílové u Prahy'),
(1879, 3, 3, '544639', 'Jílovice'),
(1880, 5, 22, '576352', 'Jílovice'),
(1881, 2, 69, '539341', 'Jílovište'),
(1882, 11, 65, '546011', 'Jimlín'),
(1883, 10, 30, '595772', 'Jimramov'),
(1884, 4, 25, '583171', 'Jinacovice'),
(1885, 2, 60, '540404', 'Jince'),
(1886, 9, 52, '513873', 'Jindrichov'),
(1887, 9, 67, '536521', 'Jindrichov'),
(1888, 7, 13, '597449', 'Jindrichov'),
(1889, 1, 72, '560413', 'Jindrichovice'),
(1890, 10, 16, '587303', 'Jindrichovice'),
(1891, 8, 62, '564133', 'Jindrichovice pod Smrkem'),
(1892, 3, 33, '545881', 'Jindrichuv Hradec'),
(1893, 3, 40, '551163', 'Jinín'),
(1894, 2, 69, '539350', 'Jinocany'),
(1895, 5, 27, '549151', 'Jinolice'),
(1896, 10, 23, '590797', 'Jinošov'),
(1897, 10, 23, '550591', 'Jiratice'),
(1898, 11, 63, '563099', 'Jirkov'),
(1899, 2, 20, '538272', 'Jirny'),
(1900, 8, 10, '546585', 'Jiretín pod Bukovou'),
(1901, 11, 17, '562572', 'Jiretín pod Jedlovou'),
(1902, 10, 15, '548081', 'Jirice'),
(1903, 2, 57, '599581', 'Jirice'),
(1904, 4, 34, '594229', 'Jirice u Miroslavi'),
(1905, 4, 34, '550841', 'Jirice u Moravských Budejovic'),
(1906, 11, 17, '562581', 'Jiríkov'),
(1907, 7, 13, '597457', 'Jiríkov'),
(1908, 4, 25, '583189', 'Jiríkovice'),
(1909, 3, 31, '552534', 'Jistebnice'),
(1910, 7, 11, '599506', 'Jistebník'),
(1911, 10, 28, '546216', 'Jitkov'),
(1912, 2, 42, '531308', 'Jivina'),
(1913, 2, 29, '535974', 'Jivina'),
(1914, 5, 39, '579378', 'Jívka'),
(1915, 3, 3, '535761', 'Jivno'),
(1916, 9, 21, '503142', 'Jívová'),
(1917, 10, 30, '595802', 'Jívoví'),
(1918, 2, 57, '537268', 'Jizbice'),
(1919, 2, 29, '566039', 'Jizerní Vtelno'),
(1920, 1, 72, '511587', 'Josefov'),
(1921, 4, 14, '586234', 'Josefov'),
(1922, 2, 29, '529613', 'Josefuv Dul'),
(1923, 8, 10, '563633', 'Josefuv Dul'),
(1924, 5, 27, '549312', 'Kacákova Lhota'),
(1925, 8, 49, '577201', 'Kacanovy'),
(1926, 13, 43, '558991', 'Kacerov'),
(1927, 1, 72, '560421', 'Kacerov'),
(1928, 2, 2, '534129', 'Kácov'),
(1929, 2, 51, '532444', 'Kacice'),
(1930, 3, 33, '562491', 'Kaclehy'),
(1931, 11, 63, '563102', 'Kadan'),
(1932, 2, 73, '531774', 'Kadlín'),
(1933, 10, 30, '595811', 'Kadolec'),
(1934, 3, 40, '551180', 'Kadov'),
(1935, 4, 34, '594237', 'Kadov'),
(1936, 10, 30, '595829', 'Kadov'),
(1937, 3, 55, '545554', 'Kájov'),
(1938, 13, 59, '579017', 'Kakejcov'),
(1939, 11, 63, '563111', 'Kalek'),
(1940, 3, 40, '536946', 'Kalenice'),
(1941, 10, 16, '587320', 'Kalhov'),
(1942, 2, 20, '538281', 'Kalište'),
(1943, 10, 15, '548090', 'Kalište'),
(1944, 10, 16, '587338', 'Kalište'),
(1945, 2, 44, '565440', 'Kalivody'),
(1946, 4, 25, '595837', 'Kaly'),
(1947, 2, 54, '531031', 'Kamberk'),
(1948, 11, 17, '546453', 'Kámen'),
(1949, 10, 15, '548103', 'Kámen'),
(1950, 10, 28, '568821', 'Kámen'),
(1951, 13, 59, '566811', 'Kamenec'),
(1952, 6, 32, '578207', 'Kamenec u Policky'),
(1953, 2, 20, '538299', 'Kamenice'),
(1954, 10, 16, '587346', 'Kamenice'),
(1955, 10, 15, '548111', 'Kamenice nad Lipou'),
(1956, 8, 61, '561681', 'Kamenický Šenov'),
(1957, 6, 58, '571571', 'Kamenicky'),
(1958, 6, 6, '580422', 'Kamenicná'),
(1959, 3, 3, '535982', 'Kamenná'),
(1960, 9, 67, '536571', 'Kamenná'),
(1961, 10, 16, '587362', 'Kamenná'),
(1962, 10, 23, '590801', 'Kamenná'),
(1963, 6, 32, '578215', 'Kamenná Horka'),
(1964, 10, 28, '568848', 'Kamenná Lhota'),
(1965, 2, 57, '537276', 'Kamenné Zboží'),
(1966, 2, 51, '532452', 'Kamenné Žehrovice'),
(1967, 3, 33, '598631', 'Kamenný Malíkov'),
(1968, 2, 51, '513032', 'Kamenný Most'),
(1969, 2, 69, '539368', 'Kamenný Prívoz'),
(1970, 13, 59, '541150', 'Kamenný Újezd'),
(1971, 3, 3, '544663', 'Kamenný Újezd'),
(1972, 11, 47, '546771', 'Kamýk'),
(1973, 2, 60, '540439', 'Kamýk nad Vltavou'),
(1974, 13, 26, '566144', 'Kanice'),
(1975, 4, 25, '583197', 'Kanice'),
(1976, 13, 26, '553778', 'Kanicky'),
(1977, 2, 73, '531651', 'Kanina'),
(1978, 12, 53, '585327', 'Kanovice'),
(1979, 7, 38, '598275', 'Kanovice'),
(1980, 3, 55, '545562', 'Kaplice'),
(1981, 5, 22, '570150', 'Káranice'),
(1982, 2, 20, '564974', 'Káraný'),
(1983, 3, 33, '546542', 'Kardašova Recice'),
(1984, 6, 32, '572748', 'Karle'),
(1985, 2, 69, '599727', 'Karlík'),
(1986, 4, 14, '586242', 'Karlín'),
(1987, 10, 30, '595845', 'Karlov'),
(1988, 7, 13, '597473', 'Karlova Studánka'),
(1989, 2, 44, '565288', 'Karlova Ves'),
(1990, 8, 49, '577219', 'Karlovice'),
(1991, 12, 53, '587052', 'Karlovice'),
(1992, 7, 13, '597481', 'Karlovice'),
(1993, 1, 1, '554961', 'Karlovy Vary'),
(1994, 2, 42, '531316', 'Karlštejn'),
(1995, 12, 37, '587354', 'Karolín'),
(1996, 12, 70, '542911', 'Karolinka'),
(1997, 7, 7, '598917', 'Karviná'),
(1998, 13, 59, '559903', 'Karez'),
(1999, 13, 59, '530361', 'Karízek'),
(2000, 6, 35, '575151', 'Kasalice'),
(2001, 13, 66, '557862', 'Kasejovice'),
(2002, 12, 53, '585343', 'Kašava'),
(2003, 4, 41, '550256', 'Kašnice'),
(2004, 13, 46, '556432', 'Kašperské Hory'),
(2005, 12, 70, '542946', 'Katerinice'),
(2006, 7, 11, '568643', 'Katerinice'),
(2007, 3, 31, '530042', 'Katov'),
(2008, 4, 25, '587907', 'Katov'),
(2009, 3, 40, '551201', 'Katovice'),
(2010, 2, 29, '536008', 'Katusice'),
(2011, 13, 43, '559008', 'Kaznejov'),
(2012, 2, 36, '513415', 'Kbel'),
(2013, 13, 66, '557871', 'Kbel'),
(2014, 13, 43, '538183', 'Kbelany'),
(2015, 5, 27, '549169', 'Kbelnice'),
(2016, 10, 23, '590819', 'Kdousov'),
(2017, 13, 26, '553786', 'Kdyne'),
(2018, 11, 47, '565016', 'Keblice'),
(2019, 2, 54, '529907', 'Keblov'),
(2020, 13, 46, '541826', 'Kejnice'),
(2021, 10, 15, '548120', 'Kejžlice'),
(2022, 12, 70, '542989', 'Kelc'),
(2023, 4, 14, '586251', 'Kelcany'),
(2024, 12, 53, '592251', 'Kelníky'),
(2025, 3, 9, '549487', 'Kestrany'),
(2026, 4, 25, '583201', 'Ketkovice'),
(2027, 13, 59, '559911', 'Klabava'),
(2028, 12, 70, '542997', 'Kladeruby'),
(2029, 10, 23, '590827', 'Kladeruby nad Oslavou'),
(2030, 9, 12, '589594', 'Kladky'),
(2031, 9, 52, '569283', 'Kladníky'),
(2032, 2, 51, '532053', 'Kladno'),
(2033, 6, 58, '571580', 'Kladno'),
(2034, 2, 54, '533084', 'Kladruby'),
(2035, 13, 59, '559920', 'Kladruby'),
(2036, 3, 40, '560405', 'Kladruby'),
(2037, 13, 56, '560928', 'Kladruby'),
(2038, 11, 64, '567604', 'Kladruby'),
(2039, 6, 35, '575178', 'Kladruby nad Labem'),
(2040, 5, 22, '570168', 'Klamoš'),
(2041, 11, 47, '565024', 'Klapý'),
(2042, 13, 66, '557897', 'Klášter'),
(2043, 2, 29, '536024', 'Klášter Hradište nad Jizerou'),
(2044, 11, 63, '563129', 'Klášterec nad Ohrí'),
(2045, 6, 6, '580431', 'Klášterec nad Orlicí'),
(2046, 2, 36, '571687', 'Klášterní Skalice'),
(2047, 5, 39, '579386', 'Klášterská Lhota'),
(2048, 10, 16, '587371', 'Klatovec'),
(2049, 13, 46, '555771', 'Klatovy'),
(2050, 3, 33, '562688', 'Klec'),
(2051, 2, 20, '538311', 'Klecany'),
(2052, 13, 26, '553794', 'Klencí pod Cerchovem'),
(2053, 11, 47, '565032', 'Klenec'),
(2054, 13, 46, '541851', 'Klenová'),
(2055, 3, 31, '563986', 'Klenovice'),
(2056, 9, 12, '589608', 'Klenovice na Hané'),
(2057, 4, 41, '584541', 'Klentnice'),
(2058, 6, 58, '573787', 'Klešice'),
(2059, 2, 20, '538329', 'Klícany'),
(2060, 7, 74, '599549', 'Klimkovice'),
(2061, 2, 69, '571211', 'Klínec'),
(2062, 11, 45, '567191', 'Klíny'),
(2063, 4, 41, '584550', 'Klobouky u Brna'),
(2064, 2, 51, '532461', 'Klobuky'),
(2065, 9, 52, '514047', 'Klokocí'),
(2066, 8, 49, '577227', 'Klokocí'),
(2067, 2, 20, '513628', 'Klokocná'),
(2068, 10, 28, '568856', 'Klokocov'),
(2069, 9, 67, '536687', 'Klopina'),
(2070, 9, 12, '589616', 'Klopotovice'),
(2071, 2, 60, '540447', 'Klucenice'),
(2072, 2, 36, '533386', 'Klucov'),
(2073, 10, 23, '590835', 'Klucov'),
(2074, 2, 2, '534137', 'Kluky'),
(2075, 3, 9, '549495', 'Kluky'),
(2076, 2, 29, '571075', 'Kluky'),
(2077, 2, 73, '534897', 'Kly'),
(2078, 2, 51, '532479', 'Kmetineves'),
(2079, 4, 14, '586269', 'Kneždub'),
(2080, 2, 69, '539384', 'Kneževes'),
(2081, 2, 44, '541877', 'Kneževes'),
(2082, 4, 4, '581721', 'Kneževes'),
(2083, 10, 30, '595853', 'Kneževes'),
(2084, 2, 57, '537292', 'Knežice'),
(2085, 6, 58, '574007', 'Knežice'),
(2086, 10, 16, '590843', 'Knežice'),
(2087, 2, 57, '551481', 'Knežicky'),
(2088, 2, 29, '536041', 'Knežmost'),
(2089, 5, 27, '573043', 'Knežnice'),
(2090, 12, 24, '592269', 'Knežpole'),
(2091, 10, 16, '587389', 'Knínice'),
(2092, 4, 4, '581739', 'Knínice u Boskovic'),
(2093, 2, 60, '598461', 'Knovice'),
(2094, 2, 51, '532487', 'Knovíz'),
(2095, 10, 28, '548286', 'Knyk'),
(2096, 10, 15, '548146', 'Koberovice'),
(2097, 8, 10, '563641', 'Koberovy'),
(2098, 7, 48, '507504', 'Koberice'),
(2099, 4, 68, '593141', 'Koberice u Brna'),
(2100, 9, 50, '557218', 'Kobylá nad Vidnavkou'),
(2101, 4, 41, '584568', 'Kobylí'),
(2102, 5, 22, '573710', 'Kobylice'),
(2103, 2, 2, '531405', 'Kobylnice'),
(2104, 2, 29, '571172', 'Kobylnice'),
(2105, 4, 25, '583219', 'Kobylnice'),
(2106, 8, 62, '564141', 'Kobyly'),
(2107, 5, 39, '579394', 'Kocbere'),
(2108, 3, 40, '536601', 'Kocelovice'),
(2109, 6, 32, '578231', 'Koclírov'),
(2110, 6, 58, '571610', 'Kocí'),
(2111, 13, 43, '578771', 'Kocín'),
(2112, 13, 56, '541559', 'Kocov'),
(2113, 5, 39, '579408', 'Kohoutov'),
(2114, 2, 29, '536067', 'Kochánky'),
(2115, 10, 28, '548529', 'Kochánov'),
(2116, 10, 23, '590851', 'Kojatice'),
(2117, 10, 23, '510645', 'Kojatín'),
(2118, 4, 68, '593150', 'Kojátky'),
(2119, 10, 15, '598712', 'Kojcice'),
(2120, 2, 73, '538345', 'Kojetice'),
(2121, 10, 23, '590860', 'Kojetice'),
(2122, 9, 52, '514055', 'Kojetín'),
(2123, 10, 28, '568881', 'Kojetín'),
(2124, 6, 35, '575194', 'Kojice'),
(2125, 13, 56, '541494', 'Kokašice'),
(2126, 9, 52, '514152', 'Kokory'),
(2127, 2, 73, '534901', 'Kokorín'),
(2128, 2, 57, '537306', 'Kolaje'),
(2129, 6, 6, '580465', 'Koldín'),
(2130, 2, 51, '532495', 'Kolec'),
(2131, 2, 44, '565199', 'Kolešov'),
(2132, 2, 44, '541893', 'Kolešovice'),
(2133, 2, 36, '533165', 'Kolín'),
(2134, 13, 46, '556467', 'Kolinec'),
(2135, 2, 29, '570974', 'Kolomuty'),
(2136, 1, 1, '555258', 'Kolová'),
(2137, 13, 26, '553816', 'Kolovec'),
(2138, 9, 67, '536733', 'Kolšov'),
(2139, 12, 37, '588598', 'Komárno'),
(2140, 2, 42, '531324', 'Komárov'),
(2141, 9, 21, '547123', 'Komárov'),
(2142, 12, 53, '549436', 'Komárov'),
(2143, 3, 31, '599280', 'Komárov'),
(2144, 10, 23, '590878', 'Komárovice'),
(2145, 3, 3, '535877', 'Komarice'),
(2146, 12, 24, '592277', 'Komna'),
(2147, 7, 38, '507237', 'Komorní Lhotka'),
(2148, 10, 15, '548162', 'Komorovice'),
(2149, 4, 68, '593168', 'Komorany'),
(2150, 2, 36, '533394', 'Konárovice'),
(2151, 2, 54, '529931', 'Kondrac'),
(2152, 5, 27, '573051', 'Konecchlumí'),
(2153, 2, 42, '531332', 'Koneprusy'),
(2154, 10, 23, '590886', 'Konešín'),
(2155, 2, 20, '531553', 'Konetopy'),
(2156, 9, 12, '589624', 'Konice'),
(2157, 2, 20, '564761', 'Konojedy'),
(2158, 13, 56, '560952', 'Konstantinovy Lázne'),
(2159, 5, 27, '573060', 'Kopidlno'),
(2160, 13, 43, '559024', 'Kopidlo'),
(2161, 9, 67, '553247', 'Koprivná'),
(2162, 7, 11, '599565', 'Koprivnice'),
(2163, 2, 60, '599204', 'Korkyne'),
(2164, 13, 59, '579033', 'Kornatice'),
(2165, 2, 42, '533793', 'Korno'),
(2166, 4, 34, '594253', 'Korolupy'),
(2167, 6, 32, '578258', 'Korouhev'),
(2168, 10, 30, '595861', 'Koroužné'),
(2169, 11, 45, '567221', 'Korozluky'),
(2170, 6, 32, '578266', 'Koruna'),
(2171, 12, 37, '588601', 'Korycany'),
(2172, 13, 43, '559032', 'Koryta'),
(2173, 2, 29, '599557', 'Koryta'),
(2174, 12, 24, '592285', 'Korytná'),
(2175, 4, 4, '581755', 'Korenec'),
(2176, 2, 36, '533408', 'Korenice'),
(2177, 8, 10, '563668', 'Korenov'),
(2178, 5, 22, '570176', 'Kosice'),
(2179, 5, 22, '570184', 'Kosicky'),
(2180, 2, 29, '570826', 'Kosmonosy'),
(2181, 2, 69, '539392', 'Kosor'),
(2182, 2, 29, '536121', 'Kosorice'),
(2183, 6, 6, '574449', 'Kosorín'),
(2184, 9, 67, '536814', 'Kosov'),
(2185, 2, 60, '540498', 'Kosova Hora'),
(2186, 12, 37, '588521', 'Kostelany'),
(2187, 12, 24, '592293', 'Kostelany nad Moravou'),
(2188, 13, 56, '503916', 'Kostelec'),
(2189, 5, 27, '548928', 'Kostelec'),
(2190, 4, 14, '586277', 'Kostelec'),
(2191, 10, 16, '587401', 'Kostelec'),
(2192, 9, 12, '589632', 'Kostelec na Hané'),
(2193, 2, 20, '533416', 'Kostelec nad Cernými Lesy'),
(2194, 2, 73, '534935', 'Kostelec nad Labem'),
(2195, 5, 8, '576361', 'Kostelec nad Orlicí'),
(2196, 3, 9, '549509', 'Kostelec nad Vltavou'),
(2197, 6, 58, '571628', 'Kostelec u Hermanova Mestce'),
(2198, 12, 37, '588610', 'Kostelec u Holešova'),
(2199, 2, 20, '538370', 'Kostelec u Krížku'),
(2200, 5, 8, '576387', 'Kostelecké Horky'),
(2201, 2, 20, '536130', 'Kostelní Hlavno'),
(2202, 2, 57, '537314', 'Kostelní Lhota'),
(2203, 10, 16, '587419', 'Kostelní Myslová'),
(2204, 3, 33, '509108', 'Kostelní Radoun'),
(2205, 3, 33, '508357', 'Kostelní Vydrí'),
(2206, 6, 35, '575232', 'Kostenice'),
(2207, 4, 41, '584576', 'Kostice'),
(2208, 10, 23, '590894', 'Kostníky'),
(2209, 2, 57, '529630', 'Kostomlátky'),
(2210, 2, 57, '537331', 'Kostomlaty nad Labem'),
(2211, 11, 64, '567612', 'Kostomlaty pod Milešovkou'),
(2212, 11, 47, '565059', 'Kostomlaty pod Rípem'),
(2213, 7, 38, '507458', 'Košariska'),
(2214, 2, 29, '566047', 'Košátky'),
(2215, 10, 15, '548171', 'Košetice'),
(2216, 2, 2, '551465', 'Košice'),
(2217, 3, 31, '552585', 'Košice'),
(2218, 2, 57, '537349', 'Košík'),
(2219, 12, 24, '592307', 'Košíky'),
(2220, 3, 31, '562955', 'Košín'),
(2221, 8, 49, '577235', 'Koštálov'),
(2222, 11, 64, '567621', 'Koštany'),
(2223, 11, 65, '566284', 'Koštice'),
(2224, 2, 60, '513555', 'Kotencice'),
(2225, 10, 30, '595870', 'Kotlasy'),
(2226, 2, 42, '534072', 'Kotopeky'),
(2227, 13, 66, '540633', 'Kotovice'),
(2228, 4, 4, '581763', 'Kotvrdovice'),
(2229, 2, 57, '537357', 'Kounice'),
(2230, 2, 44, '541907', 'Kounov'),
(2231, 5, 8, '576395', 'Kounov'),
(2232, 2, 60, '529681', 'Koupe'),
(2233, 2, 36, '533424', 'Kourim'),
(2234, 13, 26, '553824', 'Kout na Šumave'),
(2235, 2, 57, '534943', 'Kouty'),
(2236, 10, 28, '548189', 'Kouty'),
(2237, 10, 23, '590908', 'Kouty'),
(2238, 5, 27, '548944', 'Kovac'),
(2239, 4, 25, '583227', 'Kovalovice'),
(2240, 9, 12, '589641', 'Koválovice-Osícany'),
(2241, 2, 29, '571971', 'Kován'),
(2242, 2, 29, '572012', 'Kovanec'),
(2243, 2, 57, '537373', 'Kovanice'),
(2244, 3, 9, '549517', 'Kovárov'),
(2245, 11, 63, '563137', 'Kovárská'),
(2246, 13, 46, '578177', 'Kovcín'),
(2247, 4, 4, '581771', 'Kozárov'),
(2248, 2, 60, '540536', 'Kozárovice'),
(2249, 4, 68, '550108', 'Kozlany'),
(2250, 10, 23, '590916', 'Kozlany'),
(2251, 10, 28, '568899', 'Kozlov'),
(2252, 10, 16, '587427', 'Kozlov'),
(2253, 10, 30, '595888', 'Kozlov'),
(2254, 13, 66, '540200', 'Kozlovice'),
(2255, 7, 38, '598321', 'Kozlovice'),
(2256, 11, 65, '530557', 'Kozly'),
(2257, 8, 61, '546232', 'Kozly'),
(2258, 2, 54, '529940', 'Kozmice'),
(2259, 7, 48, '547182', 'Kozmice'),
(2260, 2, 20, '533432', 'Kozojedy'),
(2261, 13, 43, '559041', 'Kozojedy'),
(2262, 2, 44, '565385', 'Kozojedy'),
(2263, 5, 27, '572136', 'Kozojedy'),
(2264, 4, 14, '586285', 'Kozojídky'),
(2265, 13, 43, '559059', 'Kozolupy'),
(2266, 2, 73, '571792', 'Kozomín'),
(2267, 10, 23, '545309', 'Kožichovice'),
(2268, 13, 43, '559067', 'Kožlany'),
(2269, 3, 9, '561550', 'Kožlí'),
(2270, 10, 28, '568902', 'Kožlí'),
(2271, 9, 21, '503304', 'Kožušany-Tážaly'),
(2272, 4, 68, '593184', 'Kožušice'),
(2273, 11, 47, '565067', 'Krabcice'),
(2274, 10, 28, '548618', 'Kraborovice'),
(2275, 10, 16, '587435', 'Krahulcí'),
(2276, 10, 23, '550710', 'Krahulov'),
(2277, 1, 72, '560456', 'kraj_regionková'),
(2278, 3, 40, '536342', 'kraj_regionnícko'),
(2279, 2, 44, '565351', 'Krakov'),
(2280, 2, 36, '533441', 'Krakovany'),
(2281, 2, 44, '565369', 'Krakovec'),
(2282, 9, 12, '589659', 'Kralice na Hané'),
(2283, 10, 23, '590941', 'Kralice nad Oslavou'),
(2284, 5, 22, '570192', 'Králíky'),
(2285, 6, 6, '580481', 'Králíky'),
(2286, 3, 9, '549525', 'Králova Lhota'),
(2287, 5, 8, '576409', 'Králova Lhota'),
(2288, 5, 39, '530808', 'Královec'),
(2289, 13, 43, '559075', 'Kralovice'),
(2290, 2, 51, '535109', 'Královice'),
(2291, 1, 72, '560464', 'Královské Porící'),
(2292, 2, 73, '534951', 'Kralupy nad Vltavou'),
(2293, 2, 42, '533203', 'Králuv Dvur'),
(2294, 13, 66, '557943', 'Kramolín'),
(2295, 10, 23, '590959', 'Kramolín'),
(2296, 5, 5, '574546', 'Kramolna'),
(2297, 3, 40, '551261', 'Kraselov'),
(2298, 4, 68, '593192', 'Krásensko'),
(2299, 6, 6, '580490', 'Krasíkov'),
(2300, 10, 15, '561371', 'Krasíkovice'),
(2301, 1, 72, '560472', 'Kraslice'),
(2302, 1, 18, '538795', 'Krásná'),
(2303, 7, 38, '549673', 'Krásná'),
(2304, 10, 28, '568929', 'Krásná Hora'),
(2305, 2, 60, '540552', 'Krásná Hora nad Vltavou'),
(2306, 11, 17, '562611', 'Krásná Lípa'),
(2307, 2, 29, '536164', 'Krásná Ves'),
(2308, 6, 58, '571652', 'Krásné'),
(2309, 10, 30, '595896', 'Krásné'),
(2310, 1, 1, '555304', 'Krásné Údolí'),
(2311, 10, 30, '595900', 'Krásneves'),
(2312, 1, 72, '538337', 'Krásno'),
(2313, 11, 65, '566306', 'Krásný Dvur'),
(2314, 8, 62, '564168', 'Krásný Les'),
(2315, 1, 1, '578045', 'Krásný Les'),
(2316, 10, 16, '587443', 'Krasonice'),
(2317, 7, 13, '597511', 'Krasov'),
(2318, 4, 4, '581780', 'Krasová'),
(2319, 3, 40, '536806', 'Krašlovice'),
(2320, 13, 43, '559083', 'Krašovice'),
(2321, 10, 28, '568937', 'Krátká Ves'),
(2322, 4, 25, '583235', 'Kratochvilka'),
(2323, 5, 22, '570206', 'Kratonohy'),
(2324, 3, 31, '560634', 'Krátošice'),
(2325, 3, 19, '537136', 'Kratušín'),
(2326, 7, 48, '507580', 'Kravare'),
(2327, 8, 61, '561720', 'Kravare'),
(2328, 4, 34, '594261', 'Kravsko'),
(2329, 9, 21, '552437', 'Krcman'),
(2330, 3, 40, '536954', 'Krejnice'),
(2331, 2, 54, '529958', 'Krhanice'),
(2332, 4, 4, '581798', 'Krhov'),
(2333, 10, 23, '590967', 'Krhov'),
(2334, 4, 34, '594270', 'Krhovice'),
(2335, 2, 2, '534153', 'Krchleby'),
(2336, 2, 57, '537390', 'Krchleby'),
(2337, 5, 8, '548685', 'Krchleby'),
(2338, 9, 67, '569372', 'Krchleby'),
(2339, 7, 38, '598348', 'Krmelín'),
(2340, 2, 54, '529974', 'Krnany'),
(2341, 7, 13, '597520', 'Krnov'),
(2342, 2, 29, '536172', 'Krnsko'),
(2343, 10, 23, '590975', 'Krokocín'),
(2344, 12, 37, '588296', 'Kromeríž'),
(2345, 8, 61, '561738', 'Krompach'),
(2346, 2, 29, '536181', 'Kropácova Vrutice'),
(2347, 2, 44, '541940', 'Kroucová'),
(2348, 6, 58, '571661', 'Krouna'),
(2349, 13, 43, '559091', 'Krsy'),
(2350, 3, 31, '563030', 'Krtov'),
(2351, 2, 44, '598500', 'Krty'),
(2352, 3, 40, '536555', 'Krty-Hradec'),
(2353, 10, 28, '568945', 'Krucemburk'),
(2354, 8, 49, '577243', 'Kruh'),
(2355, 9, 12, '589667', 'Krumsín'),
(2356, 4, 41, '584584', 'Krumvír'),
(2357, 2, 36, '533459', 'Krupá'),
(2358, 2, 44, '541966', 'Krupá'),
(2359, 11, 64, '567639', 'Krupka'),
(2360, 2, 44, '541974', 'Krušovice'),
(2361, 7, 48, '568180', 'Kružberk'),
(2362, 2, 36, '599484', 'Krychnov'),
(2363, 11, 65, '566314', 'Kryry'),
(2364, 8, 62, '564176', 'Kryštofovo Údolí'),
(2365, 11, 63, '563315', 'Kryštofovy Hamry'),
(2366, 10, 15, '548201', 'Krec'),
(2367, 2, 36, '533467', 'Krechor'),
(2368, 2, 57, '537403', 'Kreckov'),
(2369, 2, 54, '529991', 'Krecovice'),
(2370, 12, 53, '586960', 'Krekov'),
(2371, 9, 21, '554901', 'Krelov-Bruchotín'),
(2372, 10, 15, '548219', 'Krelovice'),
(2373, 13, 43, '559105', 'Krelovice'),
(2374, 3, 55, '545571', 'Kremže'),
(2375, 2, 20, '534960', 'Krenek'),
(2376, 13, 46, '556505', 'Krenice'),
(2377, 2, 20, '564991', 'Krenice'),
(2378, 6, 32, '578274', 'Krenov'),
(2379, 3, 9, '562181', 'Krenovice'),
(2380, 9, 52, '569143', 'Krenovice'),
(2381, 4, 68, '593214', 'Krenovice'),
(2382, 13, 26, '553832', 'Krenovy'),
(2383, 2, 60, '540579', 'Krepenice'),
(2384, 4, 41, '584592', 'Krepice'),
(2385, 4, 34, '594288', 'Krepice'),
(2386, 2, 2, '534161', 'Kresetice'),
(2387, 11, 47, '565075', 'Kresín'),
(2388, 11, 47, '565083', 'Krešice'),
(2389, 2, 60, '540587', 'Krešín'),
(2390, 10, 15, '548227', 'Krešín'),
(2391, 4, 4, '581801', 'Kretín'),
(2392, 6, 35, '572861', 'Kricen'),
(2393, 10, 30, '587842', 'Krídla'),
(2394, 4, 34, '550086', 'Krídluvky'),
(2395, 11, 63, '563161', 'Krimov'),
(2396, 2, 57, '537411', 'Krinec'),
(2397, 5, 5, '574171', 'Krinice'),
(2398, 3, 19, '561673', 'Krištanov'),
(2399, 7, 13, '597538', 'Krištanovice'),
(2400, 2, 44, '541982', 'Krivoklát'),
(2401, 2, 54, '530000', 'Krivsoudov'),
(2402, 10, 30, '595918', 'Križánky'),
(2403, 3, 9, '509752', 'Križanov'),
(2404, 10, 30, '595926', 'Križanov'),
(2405, 6, 58, '547824', 'Križanovice'),
(2406, 4, 68, '593222', 'Križanovice'),
(2407, 4, 68, '593231', 'Križanovice u Vyškova'),
(2408, 8, 62, '564184', 'Križany'),
(2409, 4, 25, '595934', 'Križínkov'),
(2410, 2, 20, '538418', 'Krížkový Újezdec'),
(2411, 1, 18, '554596', 'Križovatka'),
(2412, 10, 30, '595951', 'Kroví'),
(2413, 4, 4, '581810', 'Krtenov'),
(2414, 4, 4, '581828', 'Krtiny'),
(2415, 9, 52, '552780', 'Krtomil'),
(2416, 2, 36, '571717', 'Kšely'),
(2417, 13, 56, '560979', 'Kšice'),
(2418, 3, 19, '550329', 'Ktiš'),
(2419, 8, 49, '547484', 'Ktová'),
(2420, 2, 42, '531375', 'Kublov'),
(2421, 3, 19, '563978', 'Kubova Hut'),
(2422, 4, 34, '594296', 'Kubšice'),
(2423, 4, 68, '593249', 'Kucerov'),
(2424, 3, 9, '549541', 'Kucer'),
(2425, 12, 24, '592323', 'Kudlovice'),
(2426, 4, 34, '594300', 'Kucharovice'),
(2427, 7, 11, '555312', 'Kujavy'),
(2428, 6, 32, '572594', 'Kukle'),
(2429, 10, 30, '595969', 'Kuklík'),
(2430, 5, 39, '579416', 'Kuks'),
(2431, 4, 4, '581836', 'Kulírov'),
(2432, 5, 22, '570214', 'Kuncice'),
(2433, 5, 39, '579424', 'Kuncice nad Labem'),
(2434, 7, 38, '598356', 'Kuncice pod Ondrejníkem'),
(2435, 6, 32, '578282', 'Kuncina'),
(2436, 4, 4, '581844', 'Kuncina Ves'),
(2437, 10, 30, '595977', 'Kundratice'),
(2438, 13, 43, '559121', 'Kunejovice'),
(2439, 10, 28, '548570', 'Kunemil'),
(2440, 6, 35, '573515', 'Kunetice'),
(2441, 2, 20, '538426', 'Kunice'),
(2442, 4, 4, '581852', 'Kunice'),
(2443, 4, 4, '581861', 'Kunicky'),
(2444, 7, 11, '568546', 'Kunín'),
(2445, 12, 37, '588628', 'Kunkovice'),
(2446, 12, 70, '543021', 'Kunovice'),
(2447, 12, 24, '550744', 'Kunovice'),
(2448, 2, 54, '530026', 'Kunovice'),
(2449, 8, 62, '530433', 'Kunratice'),
(2450, 11, 17, '546330', 'Kunratice'),
(2451, 8, 61, '561746', 'Kunratice u Cvikova'),
(2452, 4, 4, '581879', 'Kunštát'),
(2453, 6, 6, '580503', 'Kunvald'),
(2454, 3, 33, '546615', 'Kunžak'),
(2455, 4, 25, '583243', 'Kuparovice'),
(2456, 4, 41, '555282', 'Kurdejov'),
(2457, 10, 23, '550302', 'Kuroslepy'),
(2458, 12, 37, '588636', 'Kurovice'),
(2459, 4, 25, '583251', 'Kurim'),
(2460, 3, 40, '560391', 'Kurimany'),
(2461, 4, 25, '595985', 'Kurimská Nová Ves'),
(2462, 4, 25, '595993', 'Kurimské Jestrabí'),
(2463, 2, 2, '533955', 'Kutná Hora'),
(2464, 2, 51, '571512', 'Kutrovice'),
(2465, 4, 14, '586293', 'Kuželov'),
(2466, 12, 37, '588644', 'Kvasice'),
(2467, 5, 8, '576425', 'Kvasiny'),
(2468, 3, 40, '536750', 'Kváskovice'),
(2469, 13, 46, '541931', 'Kvášnovice'),
(2470, 10, 28, '568953', 'Kvetinov'),
(2471, 6, 32, '578291', 'Kvetná'),
(2472, 2, 20, '564982', 'Kvetnice'),
(2473, 3, 9, '598801', 'Kvetov'),
(2474, 13, 26, '553841', 'Kvícovice'),
(2475, 3, 19, '550337', 'Kvilda'),
(2476, 2, 51, '532517', 'Kvílice'),
(2477, 8, 61, '546259', 'Kvítkov'),
(2478, 3, 3, '529729', 'Kvítkovice'),
(2479, 5, 27, '572047', 'Kyje'),
(2480, 10, 28, '548308', 'Kyjov'),
(2481, 4, 14, '586307', 'Kyjov'),
(2482, 10, 30, '596001', 'Kyjov'),
(2483, 7, 48, '512907', 'Kyjovice'),
(2484, 4, 34, '594318', 'Kyjovice'),
(2485, 10, 28, '568970', 'Kynice'),
(2486, 1, 72, '560499', 'Kynšperk nad Ohrí'),
(2487, 1, 1, '555347', 'Kyselka'),
(2488, 12, 37, '588652', 'Kyselovice'),
(2489, 2, 51, '532525', 'Kyšice'),
(2490, 13, 76, '559130', 'Kyšice'),
(2491, 11, 47, '565091', 'Kyškovice'),
(2492, 2, 69, '571261', 'Kytín'),
(2493, 11, 17, '562645', 'Kytlice'),
(2494, 11, 17, '544701', 'Labská Strán'),
(2495, 6, 35, '575259', 'Labské Chrcice'),
(2496, 4, 14, '586315', 'Labuty'),
(2497, 12, 70, '543098', 'Lacnov'),
(2498, 4, 41, '558443', 'Ladná'),
(2499, 11, 64, '567647', 'Lahošt'),
(2500, 5, 39, '548804', 'Lampertice'),
(2501, 4, 34, '594326', 'Lancov'),
(2502, 5, 39, '579432', 'Lánov'),
(2503, 6, 6, '580511', 'Lanškroun'),
(2504, 6, 58, '504807', 'Lány'),
(2505, 2, 51, '541991', 'Lány'),
(2506, 10, 28, '548481', 'Lány'),
(2507, 6, 35, '572845', 'Lány u Dašic'),
(2508, 4, 41, '584622', 'Lanžhot'),
(2509, 5, 39, '579441', 'Lanžov'),
(2510, 3, 33, '546623', 'Lásenice'),
(2511, 9, 12, '589675', 'Laškov'),
(2512, 2, 44, '542008', 'Lašovice'),
(2513, 10, 30, '596019', 'Lavicky'),
(2514, 6, 32, '578304', 'Lavicné'),
(2515, 10, 23, '510556', 'Láz'),
(2516, 2, 60, '540625', 'Láz'),
(2517, 4, 4, '581887', 'Lazinov'),
(2518, 5, 27, '573094', 'Lázne Belohrad'),
(2519, 6, 35, '574767', 'Lázne Bohdanec'),
(2520, 1, 18, '554600', 'Lázne Kynžvart'),
(2521, 8, 62, '564206', 'Lázne Libverda'),
(2522, 2, 20, '538914', 'Lázne Toušen'),
(2523, 9, 52, '514446', 'Laznícky'),
(2524, 9, 52, '514471', 'Lazníky'),
(2525, 2, 60, '564346', 'Lazsko'),
(2526, 4, 25, '583260', 'Lažánky'),
(2527, 3, 40, '598950', 'Lažánky'),
(2528, 8, 62, '545937', 'Lažany'),
(2529, 3, 40, '560197', 'Lažany'),
(2530, 4, 4, '581909', 'Lažany'),
(2531, 3, 19, '550345', 'Lažište'),
(2532, 2, 42, '533939', 'Lážovice'),
(2533, 3, 19, '561649', 'Lcovice'),
(2534, 2, 51, '532533', 'Ledce'),
(2535, 2, 29, '536202', 'Ledce'),
(2536, 13, 43, '559148', 'Ledce'),
(2537, 5, 22, '576433', 'Ledce'),
(2538, 4, 25, '583278', 'Ledce'),
(2539, 2, 73, '534978', 'Ledcice'),
(2540, 10, 28, '568988', 'Ledec nad Sázavou'),
(2541, 2, 2, '534170', 'Ledecko'),
(2542, 3, 3, '544736', 'Ledenice'),
(2543, 4, 41, '584631', 'Lednice'),
(2544, 11, 64, '567655', 'Ledvice'),
(2545, 12, 37, '588661', 'Lechotice'),
(2546, 4, 34, '594334', 'Lechovice'),
(2547, 5, 22, '570222', 'Lejšovka'),
(2548, 4, 25, '583286', 'Lelekovice'),
(2549, 11, 65, '566322', 'Lenešice'),
(2550, 3, 19, '550353', 'Lenora'),
(2551, 12, 70, '544264', 'Leskovec'),
(2552, 7, 13, '597546', 'Leskovec nad Moravicí'),
(2553, 10, 15, '548235', 'Leskovice'),
(2554, 13, 56, '561002', 'Lesná'),
(2555, 10, 15, '562041', 'Lesná'),
(2556, 10, 23, '590983', 'Lesná'),
(2557, 4, 34, '594342', 'Lesná'),
(2558, 4, 25, '583294', 'Lesní Hluboké'),
(2559, 10, 23, '590991', 'Lesní Jakubov'),
(2560, 9, 67, '537284', 'Lesnice'),
(2561, 10, 23, '591009', 'Lesonice'),
(2562, 4, 34, '594351', 'Lesonice'),
(2563, 13, 56, '561011', 'Lestkov'),
(2564, 10, 23, '573485', 'Lesunky'),
(2565, 2, 54, '530051', 'Lešany'),
(2566, 9, 12, '589683', 'Lešany'),
(2567, 2, 60, '513521', 'Lešetice'),
(2568, 10, 28, '568996', 'Leškovice'),
(2569, 12, 70, '544302', 'Lešná'),
(2570, 9, 67, '537713', 'Leština'),
(2571, 6, 6, '571695', 'Leština'),
(2572, 10, 28, '569011', 'Leština u Svetlé'),
(2573, 6, 58, '571709', 'Leštinka'),
(2574, 13, 66, '557951', 'Letiny'),
(2575, 13, 76, '540561', 'Letkov'),
(2576, 6, 6, '580538', 'Letohrad'),
(2577, 4, 68, '593257', 'Letonice'),
(2578, 4, 4, '581917', 'Letovice'),
(2579, 2, 69, '539406', 'Lety'),
(2580, 3, 9, '549568', 'Lety'),
(2581, 11, 47, '565105', 'Levín'),
(2582, 8, 49, '577375', 'Levínská Olešnice'),
(2583, 10, 23, '591025', 'Lhánice'),
(2584, 3, 19, '550361', 'Lhenice'),
(2585, 2, 51, '513041', 'Lhota'),
(2586, 9, 52, '514497', 'Lhota'),
(2587, 2, 20, '534986', 'Lhota'),
(2588, 12, 53, '573434', 'Lhota'),
(2589, 5, 5, '574180', 'Lhota pod Horickami'),
(2590, 5, 22, '570231', 'Lhota pod Libcany'),
(2591, 13, 59, '567001', 'Lhota pod Radcem'),
(2592, 4, 4, '581925', 'Lhota Rapotina'),
(2593, 4, 4, '581933', 'Lhota u Lysic'),
(2594, 4, 4, '581941', 'Lhota u Olešnice'),
(2595, 2, 60, '598411', 'Lhota u Príbrame'),
(2596, 12, 70, '556866', 'Lhota u Vsetína'),
(2597, 10, 15, '561282', 'Lhota-Vlasenice'),
(2598, 10, 23, '544876', 'Lhotice'),
(2599, 9, 52, '514527', 'Lhotka'),
(2600, 2, 73, '531898', 'Lhotka'),
(2601, 2, 42, '533335', 'Lhotka'),
(2602, 10, 16, '587451', 'Lhotka'),
(2603, 10, 30, '596035', 'Lhotka'),
(2604, 7, 38, '598364', 'Lhotka'),
(2605, 11, 47, '565113', 'Lhotka nad Labem'),
(2606, 7, 48, '553115', 'Lhotka u Litultovic'),
(2607, 13, 59, '559946', 'Lhotka u Radnic'),
(2608, 2, 29, '536211', 'Lhotky'),
(2609, 12, 53, '549550', 'Lhotsko'),
(2610, 5, 8, '576441', 'Lhoty u Potštejna'),
(2611, 13, 76, '578606', 'Lhuta'),
(2612, 1, 18, '554618', 'Libá'),
(2613, 5, 27, '573108', 'Libán'),
(2614, 9, 21, '503941', 'Libavá'),
(2615, 1, 72, '560502', 'Libavské Údolí'),
(2616, 5, 22, '570249', 'Libcany'),
(2617, 11, 65, '566349', 'Libceves'),
(2618, 2, 69, '539414', 'Libcice nad Vltavou'),
(2619, 6, 6, '580562', 'Libecina'),
(2620, 11, 63, '563188', 'Libedice'),
(2621, 2, 73, '535001', 'Libechov'),
(2622, 3, 31, '563544', 'Libejice'),
(2623, 3, 40, '551333', 'Libejovice'),
(2624, 5, 8, '548651', 'Libel'),
(2625, 2, 36, '533475', 'Libenice'),
(2626, 8, 62, '563889', 'Liberec'),
(2627, 5, 8, '576450', 'Liberk'),
(2628, 2, 69, '539422', 'Liber'),
(2629, 11, 47, '565121', 'Libešice'),
(2630, 11, 65, '566357', 'Libešice'),
(2631, 3, 40, '536831', 'Libetice'),
(2632, 2, 20, '538442', 'Líbeznice'),
(2633, 2, 54, '530069', 'Libež'),
(2634, 7, 11, '500046', 'Libhošt'),
(2635, 6, 6, '580147', 'Libchavy'),
(2636, 5, 5, '547701', 'Libchyne'),
(2637, 2, 57, '537438', 'Libice nad Cidlinou'),
(2638, 10, 28, '569020', 'Libice nad Doubravou'),
(2639, 3, 3, '544744', 'Libín'),
(2640, 9, 67, '539961', 'Libina'),
(2641, 2, 73, '571784', 'Libiš'),
(2642, 6, 35, '575305', 'Libišany'),
(2643, 13, 26, '553859', 'Libkov'),
(2644, 6, 58, '571725', 'Libkov'),
(2645, 10, 15, '598721', 'Libkova Voda'),
(2646, 11, 47, '565148', 'Libkovice pod Rípem'),
(2647, 2, 73, '531502', 'Liblice'),
(2648, 13, 59, '559954', 'Liblín'),
(2649, 5, 39, '579475', 'Libnatov'),
(2650, 3, 3, '535800', 'Libníc'),
(2651, 5, 22, '570257', 'Libníkovice'),
(2652, 11, 65, '530590', 'Libocany'),
(2653, 2, 36, '533483', 'Libodrice'),
(2654, 11, 47, '565156', 'Libochovany'),
(2655, 11, 47, '565164', 'Libochovice'),
(2656, 2, 51, '564150', 'Libochovicky'),
(2657, 6, 58, '571733', 'Libomerice'),
(2658, 2, 42, '531448', 'Libomyšl'),
(2659, 11, 65, '566381', 'Liborice'),
(2660, 9, 21, '569003', 'Liboš'),
(2661, 5, 27, '573116', 'Libošovice'),
(2662, 11, 47, '565172', 'Libotenice'),
(2663, 5, 39, '579483', 'Libotov'),
(2664, 11, 75, '568058', 'Libouchec'),
(2665, 2, 51, '571601', 'Libovice'),
(2666, 5, 22, '570265', 'Librantice'),
(2667, 5, 22, '570273', 'Librice'),
(2668, 8, 49, '577294', 'Libštát'),
(2669, 5, 27, '573124', 'Libun'),
(2670, 2, 51, '532576', 'Libušín'),
(2671, 6, 58, '547832', 'Liciborice'),
(2672, 5, 8, '576468', 'Licno'),
(2673, 12, 70, '544370', 'Lidecko'),
(2674, 2, 51, '532584', 'Lidice'),
(2675, 10, 15, '561100', 'Lidman'),
(2676, 6, 6, '580571', 'Lichkov'),
(2677, 7, 13, '597554', 'Lichnov'),
(2678, 7, 11, '599603', 'Lichnov'),
(2679, 2, 69, '571326', 'Lichoceves'),
(2680, 13, 43, '559164', 'Líne'),
(2681, 6, 32, '578339', 'Linhartice'),
(2682, 12, 53, '549622', 'Lípa'),
(2683, 10, 28, '569038', 'Lípa'),
(2684, 5, 8, '576476', 'Lípa nad Orlicí'),
(2685, 2, 36, '513270', 'Lipec'),
(2686, 3, 3, '544761', 'Lipí'),
(2687, 9, 21, '552305', 'Lipina'),
(2688, 9, 21, '540005', 'Lipinka'),
(2689, 10, 28, '569046', 'Lipnice nad Sázavou'),
(2690, 2, 29, '565563', 'Lipník'),
(2691, 10, 23, '591041', 'Lipník'),
(2692, 9, 52, '514705', 'Lipník nad Becvou'),
(2693, 11, 65, '566403', 'Lipno'),
(2694, 3, 55, '545597', 'Lipno nad Vltavou'),
(2695, 6, 35, '575313', 'Lipoltice'),
(2696, 4, 14, '586323', 'Lipov'),
(2697, 9, 52, '514772', 'Lipová'),
(2698, 1, 18, '554626', 'Lipová'),
(2699, 11, 17, '562661', 'Lipová'),
(2700, 12, 53, '586871', 'Lipová'),
(2701, 9, 12, '589691', 'Lipová'),
(2702, 9, 50, '540030', 'Lipová-lázne'),
(2703, 6, 58, '547875', 'Lipovec'),
(2704, 4, 4, '581950', 'Lipovec'),
(2705, 3, 19, '537071', 'Lipovice'),
(2706, 12, 70, '544396', 'Liptál'),
(2707, 7, 13, '597571', 'Liptan'),
(2708, 4, 4, '581968', 'Lipuvka'),
(2709, 10, 30, '596051', 'Lísek'),
(2710, 5, 27, '573086', 'Lískovice'),
(2711, 2, 51, '571555', 'Líský'),
(2712, 13, 66, '540064', 'Lisov'),
(2713, 2, 44, '542016', 'Lišany'),
(2714, 11, 65, '566411', 'Lišany'),
(2715, 5, 22, '570290', 'Lišice'),
(2716, 13, 66, '540617', 'Líšina'),
(2717, 9, 52, '514802', 'Líšná'),
(2718, 13, 59, '559962', 'Líšná'),
(2719, 10, 30, '596060', 'Líšná'),
(2720, 11, 45, '567248', 'Lišnice'),
(2721, 2, 69, '539457', 'Líšnice'),
(2722, 9, 67, '540161', 'Líšnice'),
(2723, 6, 6, '580589', 'Líšnice'),
(2724, 8, 10, '563676', 'Líšný'),
(2725, 3, 3, '544779', 'Lišov'),
(2726, 11, 65, '546879', 'Líštany'),
(2727, 13, 43, '559172', 'Líštany'),
(2728, 13, 43, '566420', 'Líté'),
(2729, 2, 42, '531456', 'Liten'),
(2730, 12, 37, '588695', 'Litencice'),
(2731, 5, 39, '546470', 'Litíc'),
(2732, 2, 54, '532258', 'Litichovice'),
(2733, 5, 5, '573388', 'Litobor'),
(2734, 4, 34, '594369', 'Litobratrice'),
(2735, 13, 59, '553611', 'Litohlavy'),
(2736, 10, 23, '550507', 'Litohor'),
(2737, 10, 15, '561266', 'Litohošt'),
(2738, 3, 40, '551341', 'Litochovice'),
(2739, 11, 47, '564567', 'Litomerice'),
(2740, 6, 32, '578347', 'Litomyšl'),
(2741, 4, 25, '583308', 'Litostrov'),
(2742, 6, 35, '575330', 'Litošice'),
(2743, 10, 23, '591068', 'Litovany'),
(2744, 9, 21, '503444', 'Litovel'),
(2745, 7, 48, '507920', 'Litultovice'),
(2746, 11, 45, '567256', 'Litvínov'),
(2747, 3, 3, '544795', 'Litvínovice'),
(2748, 11, 47, '546691', 'Lkán'),
(2749, 3, 40, '551350', 'Lnáre'),
(2750, 2, 73, '531677', 'Lobec'),
(2751, 11, 17, '545708', 'Lobendava'),
(2752, 9, 52, '515191', 'Lobodice'),
(2753, 3, 3, '544809', 'Locenice'),
(2754, 2, 42, '531464', 'Lodenice'),
(2755, 4, 25, '594377', 'Lodenice'),
(2756, 3, 33, '546666', 'Lodhérov'),
(2757, 5, 22, '570303', 'Lodín'),
(2758, 5, 22, '570311', 'Lochenice'),
(2759, 13, 43, '566462', 'Lochousice'),
(2760, 2, 42, '531472', 'Lochovice'),
(2761, 2, 54, '530093', 'Loket'),
(2762, 1, 72, '560537', 'Loket'),
(2763, 3, 40, '536822', 'Lom'),
(2764, 3, 31, '563587', 'Lom'),
(2765, 11, 45, '567264', 'Lom'),
(2766, 13, 56, '541702', 'Lom u Tachova'),
(2767, 13, 46, '578070', 'Lomec'),
(2768, 1, 72, '560545', 'Lomnice'),
(2769, 4, 25, '581976', 'Lomnice'),
(2770, 7, 13, '597589', 'Lomnice'),
(2771, 3, 33, '546674', 'Lomnice nad Lužnicí'),
(2772, 8, 49, '577308', 'Lomnice nad Popelkou'),
(2773, 4, 25, '583316', 'Lomnicka'),
(2774, 10, 23, '587605', 'Lomy'),
(2775, 12, 24, '592340', 'Lopeník'),
(2776, 13, 76, '558001', 'Losiná'),
(2777, 2, 36, '533505', 'Lošany'),
(2778, 9, 67, '540196', 'Loštice'),
(2779, 2, 51, '535095', 'Loucká'),
(2780, 9, 21, '552232', 'Loucany'),
(2781, 2, 57, '537446', 'Loucen'),
(2782, 13, 26, '553867', 'Loucim'),
(2783, 12, 70, '544418', 'Loucka'),
(2784, 9, 21, '552038', 'Loucka'),
(2785, 12, 53, '585432', 'Loucka'),
(2786, 8, 49, '573400', 'Loucky'),
(2787, 9, 67, '540226', 'Loucná nad Desnou'),
(2788, 11, 63, '546518', 'Loucná pod Klínovcem'),
(2789, 3, 55, '545601', 'Loucovice'),
(2790, 4, 4, '553875', 'Louka'),
(2791, 4, 14, '586331', 'Louka'),
(2792, 11, 45, '567272', 'Louka u Litvínova');
INSERT INTO `obec_cities` (`id`, `kraj_region_id`, `okres_county_id`, `kod`, `nazev`) VALUES
(2793, 2, 29, '570770', 'Loukov'),
(2794, 12, 37, '588709', 'Loukov'),
(2795, 2, 29, '536261', 'Loukovec'),
(2796, 10, 23, '591092', 'Loukovice'),
(2797, 13, 66, '558010', 'Lounová'),
(2798, 2, 20, '538451', 'Lounovice'),
(2799, 2, 54, '530107', 'Lounovice pod Blaníkem'),
(2800, 11, 65, '565971', 'Louny'),
(2801, 8, 10, '563684', 'Loužnice'),
(2802, 5, 22, '570320', 'Lovcice'),
(2803, 4, 14, '586340', 'Lovcice'),
(2804, 4, 68, '593265', 'Lovcicky'),
(2805, 10, 23, '544957', 'Lovcovice'),
(2806, 11, 47, '565211', 'Loveckovice'),
(2807, 11, 47, '565229', 'Lovosice'),
(2808, 13, 43, '566446', 'Loza'),
(2809, 6, 58, '571750', 'Lozice'),
(2810, 2, 54, '532193', 'Lštení'),
(2811, 4, 4, '581992', 'Lube'),
(2812, 11, 65, '566438', 'Lubenec'),
(2813, 9, 21, '552216', 'Lubenice'),
(2814, 2, 44, '542032', 'Lubná'),
(2815, 6, 32, '578355', 'Lubná'),
(2816, 12, 37, '588717', 'Lubná'),
(2817, 4, 25, '596078', 'Lubné'),
(2818, 4, 34, '594385', 'Lubnice'),
(2819, 6, 6, '580619', 'Lubník'),
(2820, 7, 11, '599646', 'Lubomer'),
(2821, 1, 18, '554634', 'Luby'),
(2822, 8, 10, '563692', 'Lucany nad Nisou'),
(2823, 10, 28, '569062', 'Lucice'),
(2824, 7, 38, '598399', 'Lucina'),
(2825, 7, 48, '507971', 'Ludgerovice'),
(2826, 4, 4, '531006', 'Ludíkov'),
(2827, 12, 53, '585441', 'Ludkovice'),
(2828, 9, 12, '589705', 'Ludmírov'),
(2829, 12, 37, '588725', 'Ludslavice'),
(2830, 7, 13, '551996', 'Ludvíkov'),
(2831, 11, 17, '546496', 'Ludvíkovice'),
(2832, 12, 53, '585459', 'Luhacovice'),
(2833, 8, 61, '514161', 'Luka'),
(2834, 9, 21, '503622', 'Luká'),
(2835, 10, 16, '587478', 'Luka nad Jihlavou'),
(2836, 10, 15, '548332', 'Lukavec'),
(2837, 11, 47, '565237', 'Lukavec'),
(2838, 5, 27, '573141', 'Lukavec u Horic'),
(2839, 9, 67, '540234', 'Lukavice'),
(2840, 6, 58, '571768', 'Lukavice'),
(2841, 5, 8, '576492', 'Lukavice'),
(2842, 6, 6, '580627', 'Lukavice'),
(2843, 11, 64, '546909', 'Lukov'),
(2844, 10, 23, '550566', 'Lukov'),
(2845, 12, 53, '585467', 'Lukov'),
(2846, 4, 34, '594393', 'Lukov'),
(2847, 6, 6, '580635', 'Luková'),
(2848, 4, 25, '583324', 'Lukovany'),
(2849, 12, 53, '557145', 'Lukovecek'),
(2850, 4, 68, '593273', 'Lulec'),
(2851, 5, 8, '576506', 'Lupenice'),
(2852, 2, 29, '536270', 'Luštenice'),
(2853, 9, 21, '503657', 'Lutín'),
(2854, 12, 53, '585483', 'Lutonina'),
(2855, 12, 37, '588733', 'Lutopecny'),
(2856, 13, 66, '558028', 'Lužany'),
(2857, 5, 22, '570354', 'Lužany'),
(2858, 5, 27, '573159', 'Lužany'),
(2859, 2, 42, '534404', 'Lužce'),
(2860, 6, 58, '571776', 'Luže'),
(2861, 5, 22, '570362', 'Lužec nad Cidlinou'),
(2862, 2, 73, '535028', 'Lužec nad Vltavou'),
(2863, 13, 26, '553891', 'Luženicky'),
(2864, 3, 19, '537322', 'Lužice'),
(2865, 11, 45, '567281', 'Lužice'),
(2866, 9, 21, '569844', 'Lužice'),
(2867, 4, 14, '586358', 'Lužice'),
(2868, 2, 44, '542041', 'Lužná'),
(2869, 12, 70, '544434', 'Lužná'),
(2870, 3, 33, '508501', 'Lužnice'),
(2871, 2, 57, '537454', 'Lysá nad Labem'),
(2872, 4, 4, '582018', 'Lysice'),
(2873, 4, 68, '593281', 'Lysovice'),
(2874, 4, 34, '594407', 'Mackovice'),
(2875, 3, 40, '536466', 'Mackov'),
(2876, 3, 19, '537381', 'Mahouš'),
(2877, 5, 5, '574210', 'Machov'),
(2878, 12, 53, '585491', 'Machová'),
(2879, 3, 33, '546712', 'Majdalena'),
(2880, 9, 21, '503738', 'Majetín'),
(2881, 2, 51, '532622', 'Makotrasy'),
(2882, 6, 32, '578363', 'Makov'),
(2883, 4, 4, '582026', 'Makov'),
(2884, 12, 70, '544469', 'Malá Bystrice'),
(2885, 2, 60, '540714', 'Malá Hraštice'),
(2886, 4, 4, '582034', 'Malá Lhota'),
(2887, 10, 30, '596086', 'Malá Losenice'),
(2888, 9, 67, '540331', 'Malá Morava'),
(2889, 7, 13, '597601', 'Malá Morávka'),
(2890, 4, 4, '582042', 'Malá Roudka'),
(2891, 8, 10, '563706', 'Malá Skála'),
(2892, 7, 13, '551902', 'Malá Štáhle'),
(2893, 5, 39, '579505', 'Malá Úpa'),
(2894, 11, 17, '562700', 'Malá Velen'),
(2895, 2, 42, '533319', 'Malá Víska'),
(2896, 4, 14, '586366', 'Malá Vrbka'),
(2897, 10, 28, '569071', 'Malcín'),
(2898, 11, 45, '567299', 'Malé Brezno'),
(2899, 11, 75, '568091', 'Malé Brezno'),
(2900, 9, 12, '589713', 'Malé Hradisko'),
(2901, 2, 51, '532631', 'Malé Kyšice'),
(2902, 2, 51, '513113', 'Malé Prítocno'),
(2903, 5, 39, '579513', 'Malé Svatonovice'),
(2904, 6, 35, '572802', 'Malé Výkleky'),
(2905, 11, 47, '565245', 'Malé Žernoseky'),
(2906, 10, 28, '569089', 'Malec'),
(2907, 11, 75, '568104', 'Malecov'),
(2908, 3, 40, '551384', 'Malenice'),
(2909, 7, 38, '552593', 'Malenovice'),
(2910, 2, 2, '534188', 'Malešov'),
(2911, 4, 25, '583332', 'Malešovice'),
(2912, 9, 67, '540366', 'Maletín'),
(2913, 4, 25, '583341', 'Malhostovice'),
(2914, 9, 52, '515329', 'Malhotice'),
(2915, 11, 47, '542491', 'Malíc'),
(2916, 6, 32, '578371', 'Malíkov'),
(2917, 2, 51, '532657', 'Malíkovice'),
(2918, 4, 68, '593290', 'Malínky'),
(2919, 2, 44, '565377', 'Malinová'),
(2920, 2, 42, '534218', 'Málkov'),
(2921, 11, 63, '563200', 'Málkov'),
(2922, 3, 55, '545619', 'Malonty'),
(2923, 2, 36, '533513', 'Malotice'),
(2924, 3, 19, '550418', 'Malovice'),
(2925, 3, 31, '552666', 'Malšice'),
(2926, 3, 55, '536296', 'Malšín'),
(2927, 11, 17, '562718', 'Malšovice'),
(2928, 10, 16, '587486', 'Malý Beranov'),
(2929, 13, 46, '556629', 'Malý Bor'),
(2930, 2, 73, '535036', 'Malý Újezd'),
(2931, 13, 43, '559202', 'Manetín'),
(2932, 7, 11, '568589', 'Mankovice'),
(2933, 13, 46, '578410', 'Manovice'),
(2934, 1, 18, '554642', 'Mariánské Lázne'),
(2935, 11, 45, '567302', 'Mariánské Radcice'),
(2936, 11, 17, '545678', 'Markvartice'),
(2937, 5, 27, '573167', 'Markvartice'),
(2938, 10, 16, '587494', 'Markvartice'),
(2939, 10, 23, '591114', 'Markvartice'),
(2940, 7, 48, '508128', 'Markvartovice'),
(2941, 4, 25, '583359', 'Maršov'),
(2942, 5, 39, '579530', 'Maršov u Úpice'),
(2943, 2, 54, '530115', 'Maršovice'),
(2944, 8, 10, '563714', 'Maršovice'),
(2945, 11, 47, '565253', 'Martineves'),
(2946, 12, 37, '588741', 'Martinice'),
(2947, 10, 30, '596094', 'Martinice'),
(2948, 10, 15, '561347', 'Martinice u Onšova'),
(2949, 8, 49, '573418', 'Martinice v Krkonoších'),
(2950, 10, 23, '550388', 'Martínkov'),
(2951, 5, 5, '574228', 'Martínkovice'),
(2952, 8, 61, '561827', 'Marenice'),
(2953, 5, 22, '573779', 'Máslojedy'),
(2954, 2, 20, '538469', 'Máslovice'),
(2955, 2, 36, '564702', 'Masojedy'),
(2956, 10, 23, '591122', 'Mastník'),
(2957, 4, 34, '594415', 'Mašovice'),
(2958, 11, 63, '563218', 'Maštov'),
(2959, 10, 30, '596108', 'Matejov'),
(2960, 3, 3, '535940', 'Mazelov'),
(2961, 3, 31, '562866', 'Mažice'),
(2962, 2, 57, '537462', 'Mcely'),
(2963, 13, 26, '553913', 'Meclov'),
(2964, 2, 29, '565644', 'Meceríž'),
(2965, 3, 40, '551392', 'Mecichov'),
(2966, 13, 46, '556637', 'Mecín'),
(2967, 11, 63, '563226', 'Medenec'),
(2968, 4, 34, '594423', 'Medlice'),
(2969, 9, 21, '552372', 'Medlov'),
(2970, 4, 25, '583367', 'Medlov'),
(2971, 4, 68, '550141', 'Medlovice'),
(2972, 12, 24, '592366', 'Medlovice'),
(2973, 2, 73, '529575', 'Medonosy'),
(2974, 13, 59, '579009', 'Medový Újezd'),
(2975, 2, 69, '539490', 'Mechenice'),
(2976, 13, 66, '539716', 'Mecholupy'),
(2977, 11, 65, '566454', 'Mecholupy'),
(2978, 3, 40, '536415', 'Mekynec'),
(2979, 7, 48, '508144', 'Melc'),
(2980, 4, 25, '583375', 'Melcany'),
(2981, 2, 73, '535044', 'Melnické Vtelno'),
(2982, 2, 73, '534676', 'Melník'),
(2983, 2, 42, '531529', 'Menany'),
(2984, 10, 23, '545031', 'Menhartice'),
(2985, 5, 22, '570397', 'Meník'),
(2986, 4, 25, '583383', 'Menín'),
(2987, 11, 17, '545791', 'Merboltice'),
(2988, 1, 1, '555363', 'Merklín'),
(2989, 13, 66, '558044', 'Merklín'),
(2990, 9, 21, '568911', 'Merotín'),
(2991, 9, 52, '552909', 'Merovice nad Hanou'),
(2992, 11, 64, '567698', 'Merunice'),
(2993, 10, 30, '596116', 'Merín'),
(2994, 2, 57, '537489', 'Mestec Králové'),
(2995, 2, 44, '542067', 'Mestecko'),
(2996, 6, 32, '578380', 'Mestecko Trnávka'),
(2997, 7, 13, '597635', 'Mesto Albrechtice'),
(2998, 13, 43, '559211', 'Mesto Touškov'),
(2999, 2, 20, '538477', 'Mešice'),
(3000, 10, 16, '587508', 'Mešín'),
(3001, 13, 59, '579084', 'Mešno'),
(3002, 7, 38, '512184', 'Metylovice'),
(3003, 13, 26, '553921', 'Mezholezy (dríve okres_county Domažlice)'),
(3004, 13, 26, '553930', 'Mezholezy (dríve okres_county Horšovský Týn)'),
(3005, 11, 45, '567311', 'Meziborí'),
(3006, 13, 46, '578461', 'Mezihorí'),
(3007, 5, 5, '574236', 'Mezilecí'),
(3008, 10, 15, '548367', 'Mezilesí'),
(3009, 5, 5, '574244', 'Mezilesí'),
(3010, 5, 5, '574252', 'Mezimestí'),
(3011, 7, 13, '551724', 'Mezina'),
(3012, 3, 31, '563234', 'Mezirící'),
(3013, 10, 30, '587516', 'Mezirícko'),
(3014, 10, 23, '591149', 'Mezirícko'),
(3015, 10, 15, '529834', 'Mezná'),
(3016, 3, 31, '599255', 'Mezná'),
(3017, 2, 54, '530158', 'Mezno'),
(3018, 2, 42, '531537', 'Mezoun'),
(3019, 3, 19, '550426', 'Micovice'),
(3020, 6, 58, '571822', 'Mícov-Sušice'),
(3021, 11, 47, '542521', 'Michalovice'),
(3022, 10, 28, '548316', 'Michalovice'),
(3023, 4, 4, '582069', 'Míchov'),
(3024, 7, 48, '568279', 'Mikolajice'),
(3025, 11, 17, '562751', 'Mikulášovice'),
(3026, 4, 14, '586374', 'Mikulcice'),
(3027, 6, 32, '578398', 'Mikulec'),
(3028, 11, 64, '567701', 'Mikulov'),
(3029, 4, 41, '584649', 'Mikulov'),
(3030, 9, 50, '540382', 'Mikulovice'),
(3031, 6, 35, '575372', 'Mikulovice'),
(3032, 10, 23, '591157', 'Mikulovice'),
(3033, 4, 34, '594431', 'Mikulovice'),
(3034, 12, 70, '544507', 'Mikuluvka'),
(3035, 10, 30, '549835', 'Milasín'),
(3036, 13, 26, '553948', 'Milavce'),
(3037, 2, 57, '537497', 'Milcice'),
(3038, 13, 66, '558052', 'Milec'),
(3039, 3, 40, '536539', 'Milejovice'),
(3040, 9, 52, '515418', 'Milenov'),
(3041, 10, 30, '587770', 'Milešín'),
(3042, 2, 60, '540749', 'Milešov'),
(3043, 4, 68, '593320', 'Milešovice'),
(3044, 5, 27, '573175', 'Miletín'),
(3045, 3, 9, '549576', 'Milevsko'),
(3046, 1, 18, '554651', 'Milhostov'),
(3047, 2, 54, '530166', 'Milicín'),
(3048, 10, 16, '587524', 'Milícov'),
(3049, 4, 34, '594440', 'Milícovice'),
(3050, 7, 38, '507547', 'Milíkov'),
(3051, 1, 18, '538906', 'Milíkov'),
(3052, 2, 60, '540757', 'Milín'),
(3053, 13, 66, '530140', 'Milínov'),
(3054, 13, 56, '541532', 'Milíre'),
(3055, 4, 4, '582077', 'Milonice'),
(3056, 4, 68, '593338', 'Milonice'),
(3057, 3, 40, '551414', 'Milonovice'),
(3058, 2, 44, '542075', 'Milostín'),
(3059, 4, 14, '586382', 'Milotice'),
(3060, 9, 52, '515477', 'Milotice nad Becvou'),
(3061, 7, 13, '569526', 'Milotice nad Opavou'),
(3062, 2, 57, '537501', 'Milovice'),
(3063, 4, 41, '584657', 'Milovice'),
(3064, 5, 27, '548863', 'Milovice u Horic'),
(3065, 2, 44, '565466', 'Milý'),
(3066, 8, 61, '561835', 'Mimon'),
(3067, 3, 9, '562149', 'Minice'),
(3068, 3, 55, '545627', 'Mirkovice'),
(3069, 4, 34, '594458', 'Miroslav'),
(3070, 4, 34, '594466', 'Miroslavské Knínice'),
(3071, 13, 59, '559997', 'Mirošov'),
(3072, 10, 16, '587532', 'Mirošov'),
(3073, 10, 30, '596132', 'Mirošov'),
(3074, 2, 20, '538485', 'Mirošovice'),
(3075, 3, 9, '549584', 'Mirotice'),
(3076, 9, 67, '569381', 'Mírov'),
(3077, 1, 1, '537934', 'Mírová'),
(3078, 8, 49, '577316', 'Mírová pod Kozákovem'),
(3079, 3, 9, '549592', 'Mirovice'),
(3080, 11, 47, '530506', 'Mirejovice'),
(3081, 2, 54, '530174', 'Miretice'),
(3082, 6, 58, '571831', 'Miretice'),
(3083, 13, 26, '553956', 'Mírkov'),
(3084, 2, 2, '534200', 'Miskovice'),
(3085, 11, 63, '563242', 'Místo'),
(3086, 6, 6, '580643', 'Mistrovice'),
(3087, 12, 24, '592382', 'Mistrice'),
(3088, 12, 37, '588750', 'Míškovice'),
(3089, 13, 66, '546399', 'Míšov'),
(3090, 3, 9, '549606', 'Mišovice'),
(3091, 2, 29, '535419', 'Mladá Boleslav'),
(3092, 3, 31, '552704', 'Mladá Vožice'),
(3093, 10, 15, '548383', 'Mladé Bríšte'),
(3094, 5, 39, '579548', 'Mladé Buky'),
(3095, 7, 48, '553042', 'Mladecko'),
(3096, 9, 21, '504246', 'Mladec'),
(3097, 5, 27, '573205', 'Mladejov'),
(3098, 6, 32, '578401', 'Mladejov na Morave'),
(3099, 9, 21, '552348', 'Mladejovice'),
(3100, 6, 6, '580651', 'Mladkov'),
(3101, 6, 58, '571857', 'Mladonovice'),
(3102, 10, 23, '591165', 'Mladonovice'),
(3103, 3, 3, '544817', 'Mladošovice'),
(3104, 13, 43, '559237', 'Mladotice'),
(3105, 13, 66, '558061', 'Mladý Smolivec'),
(3106, 5, 27, '573213', 'Mlázovice'),
(3107, 13, 59, '560006', 'Mlecice'),
(3108, 11, 47, '565296', 'Mlékojedy'),
(3109, 5, 22, '570401', 'Mlékosrby'),
(3110, 13, 46, '542059', 'Mlýnské Struhadlo'),
(3111, 3, 31, '552712', 'Mlýny'),
(3112, 11, 47, '565300', 'Mneteš'),
(3113, 10, 15, '548391', 'Mnich'),
(3114, 3, 40, '536563', 'Mnichov'),
(3115, 1, 18, '554677', 'Mnichov'),
(3116, 13, 26, '566292', 'Mnichov'),
(3117, 2, 54, '530191', 'Mnichovice'),
(3118, 2, 20, '538493', 'Mnichovice'),
(3119, 2, 29, '536326', 'Mnichovo Hradište'),
(3120, 8, 62, '564231', 'Mníšek'),
(3121, 2, 69, '540765', 'Mníšek pod Brdy'),
(3122, 13, 26, '599174', 'Mocerady'),
(3123, 2, 2, '530999', 'Mocovice'),
(3124, 11, 64, '567710', 'Modlany'),
(3125, 2, 20, '598267', 'Modletice'),
(3126, 10, 28, '569127', 'Modlíkov'),
(3127, 12, 24, '592391', 'Modrá'),
(3128, 3, 3, '598615', 'Modrá Hurka'),
(3129, 13, 46, '542148', 'Modrava'),
(3130, 4, 25, '583391', 'Modrice'),
(3131, 8, 49, '577324', 'Modrišice'),
(3132, 2, 60, '599751', 'Modrovice'),
(3133, 9, 67, '540471', 'Mohelnice'),
(3134, 13, 66, '558079', 'Mohelnice'),
(3135, 2, 29, '565822', 'Mohelnice nad Jizerou'),
(3136, 10, 23, '591173', 'Mohelno'),
(3137, 2, 20, '538507', 'Mochov'),
(3138, 13, 46, '556718', 'Mochtín'),
(3139, 3, 55, '598623', 'Mojné'),
(3140, 6, 35, '575381', 'Mokošín'),
(3141, 4, 25, '583405', 'Mokrá-Horákov'),
(3142, 5, 8, '576522', 'Mokré'),
(3143, 7, 48, '508373', 'Mokré Lazce'),
(3144, 13, 46, '556726', 'Mokrosuky'),
(3145, 13, 76, '540641', 'Mokrouše'),
(3146, 5, 22, '570419', 'Mokrovousy'),
(3147, 2, 60, '540781', 'Mokrovraty'),
(3148, 3, 3, '535842', 'Mokrý Lom'),
(3149, 11, 64, '567728', 'Moldava'),
(3150, 6, 58, '571873', 'Morašice'),
(3151, 6, 35, '573035', 'Morašice'),
(3152, 6, 32, '578428', 'Morašice'),
(3153, 4, 34, '594474', 'Morašice'),
(3154, 6, 35, '575399', 'Moravany'),
(3155, 4, 25, '583413', 'Moravany'),
(3156, 4, 14, '586391', 'Moravany'),
(3157, 10, 30, '596141', 'Moravec'),
(3158, 10, 30, '596159', 'Moravecké Pavlovice'),
(3159, 10, 15, '548405', 'Moravec'),
(3160, 7, 48, '569097', 'Moravice'),
(3161, 9, 67, '540480', 'Moravicany'),
(3162, 7, 38, '598445', 'Morávka'),
(3163, 4, 41, '584665', 'Moravská Nová Ves'),
(3164, 6, 32, '578444', 'Moravská Trebová'),
(3165, 4, 25, '583421', 'Moravské Bránice'),
(3166, 10, 23, '591181', 'Moravské Budejovice'),
(3167, 4, 25, '583430', 'Moravské Knínice'),
(3168, 4, 68, '593346', 'Moravské Málkovice'),
(3169, 7, 13, '551732', 'Moravskoslezský Kocov'),
(3170, 9, 21, '597678', 'Moravský Beroun'),
(3171, 4, 34, '594482', 'Moravský Krumlov'),
(3172, 4, 14, '586404', 'Moravský Písek'),
(3173, 4, 41, '584673', 'Moravský Žižkov'),
(3174, 12, 37, '588768', 'Morkovice-Slížany'),
(3175, 4, 41, '584681', 'Morkuvky'),
(3176, 9, 12, '589721', 'Morice'),
(3177, 2, 42, '531545', 'Morina'),
(3178, 2, 42, '533912', 'Morinka'),
(3179, 7, 11, '599689', 'Morkov'),
(3180, 11, 45, '567027', 'Most'),
(3181, 5, 39, '579556', 'Mostek'),
(3182, 6, 6, '580660', 'Mostek'),
(3183, 9, 12, '589730', 'Mostkovice'),
(3184, 7, 38, '598453', 'Mosty u Jablunkova'),
(3185, 7, 11, '568686', 'Mošnov'),
(3186, 4, 14, '593354', 'Mouchnice'),
(3187, 4, 68, '557048', 'Mourínov'),
(3188, 4, 25, '583448', 'Moutnice'),
(3189, 2, 54, '530204', 'Mrac'),
(3190, 6, 58, '554847', 'Mrákotín'),
(3191, 10, 16, '587541', 'Mrákotín'),
(3192, 13, 26, '553981', 'Mrákov'),
(3193, 2, 20, '538515', 'Mratín'),
(3194, 12, 37, '553905', 'Mrlínek'),
(3195, 9, 21, '554944', 'Mrsklesy'),
(3196, 13, 43, '559245', 'Mrtník'),
(3197, 2, 36, '513288', 'Mrzky'),
(3198, 8, 49, '577332', 'Mrícná'),
(3199, 2, 44, '542105', 'Mšec'),
(3200, 2, 44, '542113', 'Mšecké Žehrovice'),
(3201, 11, 47, '565318', 'Mšené-lázne'),
(3202, 2, 73, '535052', 'Mšeno'),
(3203, 2, 20, '538523', 'Mukarov'),
(3204, 2, 29, '571865', 'Mukarov'),
(3205, 2, 44, '542121', 'Mutejovice'),
(3206, 3, 40, '560278', 'Mutenice'),
(3207, 4, 14, '586412', 'Mutenice'),
(3208, 13, 26, '553999', 'Mutenín'),
(3209, 9, 21, '547093', 'Mutkov'),
(3210, 3, 3, '535281', 'Mydlovary'),
(3211, 9, 12, '589748', 'Myslejovice'),
(3212, 10, 16, '587559', 'Mysletice'),
(3213, 10, 15, '561819', 'Mysletín'),
(3214, 10, 16, '587567', 'Myslibor'),
(3215, 10, 23, '591190', 'Mysliborice'),
(3216, 3, 9, '549614', 'Myslín'),
(3217, 13, 43, '566543', 'Myslinka'),
(3218, 13, 46, '556734', 'Myslív'),
(3219, 3, 31, '552721', 'Myslkovice'),
(3220, 12, 53, '585505', 'Myslocovice'),
(3221, 13, 46, '541745', 'Myslovice'),
(3222, 5, 22, '570427', 'Myšteves'),
(3223, 3, 40, '551473', 'Myštice'),
(3224, 13, 59, '560014', 'Mýto'),
(3225, 5, 22, '570435', 'Mžany'),
(3226, 6, 58, '571890', 'Nabocany'),
(3227, 2, 54, '530212', 'Naceradec'),
(3228, 6, 58, '571903', 'Nacešice'),
(3229, 3, 31, '549631', 'Nadejkov'),
(3230, 10, 16, '587575', 'Nadejov'),
(3231, 13, 43, '559253', 'Nadryby'),
(3232, 5, 5, '574261', 'Nahorany'),
(3233, 9, 52, '552810', 'Nahošovice'),
(3234, 5, 5, '573868', 'Náchod'),
(3235, 9, 21, '504441', 'Náklo'),
(3236, 3, 3, '535371', 'Nákrí'),
(3237, 10, 23, '550779', 'Naloucany'),
(3238, 2, 60, '540790', 'Nalžovice'),
(3239, 13, 46, '556751', 'Nalžovské Hory'),
(3240, 9, 21, '504505', 'Námešt na Hané'),
(3241, 10, 23, '591211', 'Námešt nad Oslavou'),
(3242, 12, 53, '585513', 'Napajedla'),
(3243, 10, 23, '591220', 'Náramec'),
(3244, 2, 60, '564478', 'Narysov'),
(3245, 3, 31, '559016', 'Nasavrky'),
(3246, 6, 58, '571911', 'Nasavrky'),
(3247, 6, 6, '580678', 'Nasavrky'),
(3248, 4, 14, '586421', 'Násedlovice'),
(3249, 4, 34, '594512', 'Našimerice'),
(3250, 12, 53, '585521', 'Návojná'),
(3251, 7, 38, '554014', 'Návsí'),
(3252, 3, 19, '550434', 'Nebahovy'),
(3253, 1, 18, '554693', 'Nebanice'),
(3254, 13, 66, '540340', 'Nebílovy'),
(3255, 2, 36, '533521', 'Nebovidy'),
(3256, 4, 25, '583456', 'Nebovidy'),
(3257, 3, 40, '536644', 'Nebrehovice'),
(3258, 2, 73, '535061', 'Nebužely'),
(3259, 2, 60, '540811', 'Necín'),
(3260, 13, 43, '559261', 'Nectiny'),
(3261, 3, 3, '544825', 'Nedabyle'),
(3262, 12, 24, '592404', 'Nedachlebice'),
(3263, 12, 24, '592412', 'Nedakonice'),
(3264, 12, 53, '585530', 'Nedašov'),
(3265, 12, 53, '585548', 'Nedašova Lhota'),
(3266, 5, 22, '570443', 'Nedelište'),
(3267, 2, 73, '531863', 'Nedomice'),
(3268, 2, 60, '540820', 'Nedrahovice'),
(3269, 4, 25, '596175', 'Nedvedice'),
(3270, 6, 32, '578452', 'Nedvezí'),
(3271, 13, 46, '578223', 'Nehodiv'),
(3272, 2, 20, '538540', 'Nehvizdy'),
(3273, 5, 22, '570451', 'Nechanice'),
(3274, 2, 60, '540846', 'Nechvalice'),
(3275, 4, 14, '586439', 'Nechvalín'),
(3276, 1, 1, '555380', 'Nejdek'),
(3277, 10, 28, '548197', 'Nejepín'),
(3278, 13, 43, '559270', 'Nekmír'),
(3279, 6, 6, '580686', 'Nekor'),
(3280, 13, 66, '558095', 'Nekvasovy'),
(3281, 2, 73, '535079', 'Nelahozeves'),
(3282, 4, 25, '583464', 'Nelepec-Žernuvka'),
(3283, 9, 52, '515787', 'Nelešovice'),
(3284, 13, 26, '554006', 'Nemanice'),
(3285, 4, 68, '593371', 'Nemcany'),
(3286, 2, 29, '536334', 'Nemcice'),
(3287, 3, 40, '536474', 'Nemcice'),
(3288, 3, 19, '550396', 'Nemcice'),
(3289, 2, 36, '571636', 'Nemcice'),
(3290, 6, 35, '572870', 'Nemcice'),
(3291, 6, 32, '580694', 'Nemcice'),
(3292, 4, 4, '582085', 'Nemcice'),
(3293, 12, 37, '588784', 'Nemcice'),
(3294, 13, 26, '599166', 'Nemcice'),
(3295, 9, 12, '589756', 'Nemcice nad Hanou'),
(3296, 4, 25, '583472', 'Nemcicky'),
(3297, 4, 41, '584703', 'Nemcicky'),
(3298, 4, 34, '594521', 'Nemcicky'),
(3299, 13, 59, '566837', 'Nemcovice'),
(3300, 3, 40, '536725', 'Nemetice'),
(3301, 9, 67, '553476', 'Nemile'),
(3302, 4, 68, '593389', 'Nemochovice'),
(3303, 4, 68, '593397', 'Nemojany'),
(3304, 5, 39, '579564', 'Nemojov'),
(3305, 4, 68, '593401', 'Nemotice'),
(3306, 5, 27, '573230', 'Nemyceves'),
(3307, 2, 29, '571156', 'Nemyslovice'),
(3308, 3, 31, '552747', 'Nemyšl'),
(3309, 2, 42, '533602', 'Nenacovice'),
(3310, 4, 14, '586447', 'Nenkovice'),
(3311, 3, 3, '535435', 'Neplachov'),
(3312, 7, 48, '553158', 'Neplachovice'),
(3313, 5, 22, '570478', 'Nepolisy'),
(3314, 2, 2, '534226', 'Nepomerice'),
(3315, 13, 66, '558109', 'Nepomuk'),
(3316, 2, 60, '564524', 'Nepomuk'),
(3317, 11, 65, '566501', 'Nepomyšl'),
(3318, 2, 51, '571521', 'Neprobylice'),
(3319, 2, 29, '536351', 'Neprevázka'),
(3320, 6, 35, '573078', 'Neratov'),
(3321, 2, 73, '535087', 'Neratovice'),
(3322, 3, 9, '562157', 'Nerestce'),
(3323, 4, 25, '583481', 'Neslovice'),
(3324, 4, 68, '593419', 'Nesovice'),
(3325, 2, 54, '530263', 'Nespeky'),
(3326, 2, 60, '564222', 'Nestrašovice'),
(3327, 2, 44, '542130', 'Nesuchyne'),
(3328, 4, 25, '583499', 'Nesvacilka'),
(3329, 2, 42, '534269', 'Nesvacily'),
(3330, 10, 30, '596183', 'Netín'),
(3331, 3, 19, '550442', 'Netolice'),
(3332, 2, 57, '534919', 'Netrebice'),
(3333, 3, 55, '545643', 'Netrebice'),
(3334, 13, 66, '558117', 'Netunice'),
(3335, 2, 54, '530298', 'Netvorice'),
(3336, 12, 53, '585556', 'Neubuz'),
(3337, 13, 26, '554022', 'Neumer'),
(3338, 2, 51, '532665', 'Neumerice'),
(3339, 2, 42, '531588', 'Neumetely'),
(3340, 13, 66, '558125', 'Neurazy'),
(3341, 2, 54, '530301', 'Neustupov'),
(3342, 10, 16, '587583', 'Nevcehle'),
(3343, 2, 54, '530310', 'Neveklov'),
(3344, 2, 29, '571997', 'Neveklovice'),
(3345, 3, 9, '549657', 'Nevezice'),
(3346, 13, 59, '541192', 'Nevid'),
(3347, 4, 68, '593427', 'Nevojice'),
(3348, 13, 26, '554031', 'Nevolice'),
(3349, 5, 27, '549207', 'Nevratice'),
(3350, 13, 43, '559288', 'Nevren'),
(3351, 2, 44, '598585', 'Nezabudice'),
(3352, 11, 63, '546160', 'Nezabylice'),
(3353, 13, 46, '578533', 'Nezamyslice'),
(3354, 9, 12, '589764', 'Nezamyslice'),
(3355, 13, 76, '553590', 'Nezbavetice'),
(3356, 12, 24, '592421', 'Nezdenice'),
(3357, 13, 66, '542296', 'Nezdice'),
(3358, 13, 46, '556815', 'Nezdice na Šumave'),
(3359, 13, 66, '540102', 'Nezdrev'),
(3360, 13, 76, '558141', 'Nezvestice'),
(3361, 3, 19, '529893', 'Nicov'),
(3362, 3, 40, '551520', 'Nihošovice'),
(3363, 4, 25, '596191', 'Níhov'),
(3364, 4, 41, '584711', 'Nikolcice'),
(3365, 2, 29, '571121', 'Nimerice'),
(3366, 10, 23, '591238', 'Nimpšov'),
(3367, 3, 40, '536962', 'Nišovice'),
(3368, 12, 37, '588806', 'Nítkovice'),
(3369, 9, 12, '589772', 'Niva'),
(3370, 12, 24, '592439', 'Nivnice'),
(3371, 2, 42, '531596', 'Nižbor'),
(3372, 10, 30, '596205', 'Nížkov'),
(3373, 4, 68, '593435', 'Nížkovice'),
(3374, 7, 38, '552526', 'Nižní Lhoty'),
(3375, 9, 21, '597686', 'Norbercany'),
(3376, 2, 73, '531707', 'Nosálov'),
(3377, 4, 25, '584720', 'Nosislav'),
(3378, 7, 38, '552518', 'Nošovice'),
(3379, 10, 15, '561177', 'Nová Buková'),
(3380, 3, 33, '546798', 'Nová Bystrice'),
(3381, 10, 15, '548456', 'Nová Cerekev'),
(3382, 12, 37, '588814', 'Nová Dedina'),
(3383, 9, 21, '552381', 'Nová Hradecná'),
(3384, 4, 14, '586455', 'Nová Lhota'),
(3385, 3, 33, '562734', 'Nová Olešná'),
(3386, 5, 27, '573248', 'Nová Paka'),
(3387, 3, 19, '550451', 'Nová Pec'),
(3388, 7, 13, '546950', 'Nová Plán'),
(3389, 1, 1, '555398', 'Nová Role'),
(3390, 10, 16, '587591', 'Nová Ríše'),
(3391, 6, 32, '572608', 'Nová Sídla'),
(3392, 2, 29, '536377', 'Nová Telib'),
(3393, 3, 33, '546801', 'Nová Vcelnice'),
(3394, 3, 55, '513661', 'Nová Ves'),
(3395, 2, 73, '535117', 'Nová Ves'),
(3396, 3, 3, '535648', 'Nová Ves'),
(3397, 2, 20, '538558', 'Nová Ves'),
(3398, 13, 66, '540269', 'Nová Ves'),
(3399, 11, 65, '542636', 'Nová Ves'),
(3400, 8, 62, '546593', 'Nová Ves'),
(3401, 3, 40, '560201', 'Nová Ves'),
(3402, 1, 72, '560561', 'Nová Ves'),
(3403, 5, 8, '576549', 'Nová Ves'),
(3404, 4, 25, '583502', 'Nová Ves'),
(3405, 10, 23, '591246', 'Nová Ves'),
(3406, 10, 30, '596213', 'Nová Ves'),
(3407, 13, 26, '599131', 'Nová Ves'),
(3408, 2, 36, '533530', 'Nová Ves I'),
(3409, 3, 33, '562360', 'Nová Ves nad Lužnicí'),
(3410, 8, 10, '563731', 'Nová Ves nad Nisou'),
(3411, 8, 49, '577341', 'Nová Ves nad Popelkou'),
(3412, 2, 60, '540889', 'Nová Ves pod Pleší'),
(3413, 2, 29, '571806', 'Nová Ves u Bakova'),
(3414, 10, 28, '569160', 'Nová Ves u Chotebore'),
(3415, 3, 31, '552763', 'Nová Ves u Chýnova'),
(3416, 6, 32, '572438', 'Nová Ves u Jarošova'),
(3417, 10, 28, '569151', 'Nová Ves u Leštiny'),
(3418, 3, 31, '563455', 'Nová Ves u Mladé Vožice'),
(3419, 10, 30, '596221', 'Nová Ves u Nového Mesta na Morave'),
(3420, 10, 28, '555266', 'Nová Ves u Svetlé'),
(3421, 11, 45, '567329', 'Nová Ves v Horách'),
(3422, 4, 25, '583511', 'Nové Bránice'),
(3423, 2, 2, '534242', 'Nové Dvory'),
(3424, 2, 60, '540897', 'Nové Dvory'),
(3425, 11, 47, '565342', 'Nové Dvory'),
(3426, 10, 30, '587974', 'Nové Dvory'),
(3427, 1, 1, '506494', 'Nové Hamry'),
(3428, 7, 13, '569551', 'Nové Herminovy'),
(3429, 3, 3, '544868', 'Nové Hrady'),
(3430, 6, 6, '571920', 'Nové Hrady'),
(3431, 3, 19, '561568', 'Nové Hute'),
(3432, 7, 48, '512893', 'Nové Lublice'),
(3433, 5, 22, '570494', 'Nové Mesto'),
(3434, 10, 30, '596230', 'Nové Mesto na Morave'),
(3435, 5, 5, '574279', 'Nové Mesto nad Metují'),
(3436, 8, 62, '564265', 'Nové Mesto pod Smrkem'),
(3437, 13, 66, '558176', 'Nové Mitrovice'),
(3438, 4, 68, '593443', 'Nové Sady'),
(3439, 10, 30, '596248', 'Nové Sady'),
(3440, 7, 48, '555274', 'Nové Sedlice'),
(3441, 1, 72, '560570', 'Nové Sedlo'),
(3442, 11, 65, '566519', 'Nové Sedlo'),
(3443, 2, 44, '542164', 'Nové Strašecí'),
(3444, 10, 23, '591254', 'Nové Syrovice'),
(3445, 10, 30, '596256', 'Nové Veselí'),
(3446, 8, 61, '561851', 'Noviny pod Ralskem'),
(3447, 11, 64, '567752', 'Novosedlice'),
(3448, 3, 40, '551554', 'Novosedly'),
(3449, 4, 41, '584746', 'Novosedly'),
(3450, 3, 33, '546844', 'Novosedly nad Nežárkou'),
(3451, 8, 61, '561860', 'Nový Bor'),
(3452, 5, 22, '570508', 'Nový Bydžov'),
(3453, 2, 44, '542181', 'Nový Dum'),
(3454, 2, 57, '599654', 'Nový Dvur'),
(3455, 5, 5, '574287', 'Nový Hrádek'),
(3456, 12, 70, '544566', 'Nový Hrozenkov'),
(3457, 2, 42, '531600', 'Nový Jáchymov'),
(3458, 7, 11, '599191', 'Nový Jicín'),
(3459, 10, 30, '596264', 'Nový Jimramov'),
(3460, 2, 60, '540901', 'Nový Knín'),
(3461, 1, 18, '554707', 'Nový Kostel'),
(3462, 13, 26, '554057', 'Nový Kramolín'),
(3463, 9, 67, '540501', 'Nový Malín'),
(3464, 8, 61, '561878', 'Nový Oldrichov'),
(3465, 5, 5, '574295', 'Nový Ples'),
(3466, 4, 14, '586463', 'Nový Poddvorov'),
(3467, 4, 41, '584754', 'Nový Prerov'),
(3468, 10, 15, '548464', 'Nový Rychnov'),
(3469, 4, 34, '587729', 'Nový Šaldorf-Sedlešovice'),
(3470, 10, 23, '591262', 'Nový Teleckov'),
(3471, 2, 20, '538566', 'Nový Vestec'),
(3472, 2, 69, '531618', 'Nucice'),
(3473, 2, 20, '533548', 'Nucice'),
(3474, 2, 20, '564907', 'Nupaky'),
(3475, 7, 38, '507091', 'Nýdek'),
(3476, 10, 30, '596272', 'Nyklovice'),
(3477, 2, 57, '537004', 'Nymburk'),
(3478, 4, 4, '582107', 'Nýrov'),
(3479, 13, 46, '556831', 'Nýrsko'),
(3480, 13, 43, '559300', 'Nýrany'),
(3481, 2, 60, '513571', 'Obcov'),
(3482, 2, 60, '540935', 'obec_citynice'),
(3483, 9, 12, '589799', 'Obedkovice'),
(3484, 5, 22, '548065', 'Obedovice'),
(3485, 13, 56, '541443', 'Obora'),
(3486, 11, 65, '542580', 'Obora'),
(3487, 13, 43, '559318', 'Obora'),
(3488, 4, 4, '582115', 'Obora'),
(3489, 7, 13, '569577', 'Oborná'),
(3490, 2, 60, '540943', 'Obory'),
(3491, 2, 60, '540951', 'Oborište'),
(3492, 10, 15, '548472', 'Obratan'),
(3493, 11, 45, '567337', 'Obrnice'),
(3494, 2, 29, '570893', 'Obrubce'),
(3495, 2, 29, '536407', 'Obruby'),
(3496, 2, 73, '535133', 'Obríství'),
(3497, 10, 30, '596281', 'Obyctov'),
(3498, 13, 46, '541915', 'Obytce'),
(3499, 10, 23, '510980', 'Ocmanice'),
(3500, 5, 8, '576557', 'Ocelice'),
(3501, 11, 65, '566527', 'Ocihov'),
(3502, 2, 20, '538574', 'Odolena Voda'),
(3503, 1, 18, '539554', 'Odrava'),
(3504, 4, 25, '583529', 'Odrovice'),
(3505, 7, 11, '599701', 'Odry'),
(3506, 2, 57, '537551', 'Odrepsy'),
(3507, 10, 23, '591289', 'Odunec'),
(3508, 2, 36, '533556', 'Ohare'),
(3509, 5, 27, '549185', 'Oharice'),
(3510, 5, 27, '548910', 'Ohavec'),
(3511, 11, 64, '567761', 'Ohníc'),
(3512, 5, 8, '576565', 'Ohnišov'),
(3513, 5, 22, '570516', 'Ohništany'),
(3514, 2, 60, '540960', 'Ohrazenice'),
(3515, 8, 49, '577359', 'Ohrazenice'),
(3516, 2, 69, '539503', 'Ohrobec_city'),
(3517, 9, 12, '589802', 'Ohrozim'),
(3518, 9, 12, '589811', 'Ochoz'),
(3519, 4, 25, '583537', 'Ochoz u Brna'),
(3520, 4, 25, '582123', 'Ochoz u Tišnova'),
(3521, 10, 23, '591297', 'Okarec'),
(3522, 8, 61, '561886', 'Okna'),
(3523, 2, 69, '571334', 'Okor'),
(3524, 11, 63, '563269', 'Okounov'),
(3525, 3, 9, '529877', 'Okrouhlá'),
(3526, 1, 18, '538922', 'Okrouhlá'),
(3527, 8, 61, '561894', 'Okrouhlá'),
(3528, 4, 4, '582131', 'Okrouhlá'),
(3529, 3, 33, '562475', 'Okrouhlá Radoun'),
(3530, 10, 28, '569186', 'Okrouhlice'),
(3531, 10, 28, '548588', 'Okrouhlicka'),
(3532, 2, 69, '539511', 'Okrouhlo'),
(3533, 2, 2, '534251', 'Okresanec'),
(3534, 10, 23, '546933', 'Okrešice'),
(3535, 2, 57, '537560', 'Okrínek'),
(3536, 10, 23, '591301', 'Okríšky'),
(3537, 9, 21, '552259', 'Olbramice'),
(3538, 7, 74, '554049', 'Olbramice'),
(3539, 4, 34, '594555', 'Olbramkostel'),
(3540, 13, 56, '566888', 'Olbramov'),
(3541, 2, 54, '530344', 'Olbramovice'),
(3542, 4, 34, '594563', 'Olbramovice'),
(3543, 9, 52, '515825', 'Oldrichov'),
(3544, 3, 31, '552798', 'Oldrichov'),
(3545, 8, 62, '564281', 'Oldrichov v Hájích'),
(3546, 12, 53, '549444', 'Oldrichovice'),
(3547, 6, 32, '578479', 'Oldriš'),
(3548, 7, 48, '509574', 'Oldrišov'),
(3549, 4, 34, '594571', 'Oleksovice'),
(3550, 10, 28, '569208', 'Olešenka'),
(3551, 2, 20, '533564', 'Oleška'),
(3552, 11, 47, '542440', 'Oleško'),
(3553, 2, 42, '531626', 'Olešná'),
(3554, 2, 44, '542199', 'Olešná'),
(3555, 10, 15, '561967', 'Olešná'),
(3556, 3, 9, '562190', 'Olešná'),
(3557, 10, 28, '569216', 'Olešná'),
(3558, 3, 3, '544884', 'Olešnice'),
(3559, 5, 22, '570524', 'Olešnice'),
(3560, 5, 8, '576581', 'Olešnice'),
(3561, 8, 49, '577367', 'Olešnice'),
(3562, 4, 4, '582158', 'Olešnice'),
(3563, 5, 8, '576573', 'Olešnice v Orlických horách'),
(3564, 3, 3, '544892', 'Olešník'),
(3565, 9, 21, '500496', 'Olomouc'),
(3566, 4, 4, '582166', 'Olomucany'),
(3567, 1, 72, '560588', 'Oloví'),
(3568, 2, 73, '532673', 'Olovnice'),
(3569, 9, 67, '540510', 'Olšany'),
(3570, 13, 46, '541958', 'Olšany'),
(3571, 4, 68, '550132', 'Olšany'),
(3572, 10, 16, '587613', 'Olšany'),
(3573, 9, 12, '589829', 'Olšany u Prostejova'),
(3574, 10, 16, '587214', 'Olší'),
(3575, 4, 25, '596302', 'Olší'),
(3576, 9, 52, '552844', 'Olšovec'),
(3577, 3, 19, '537365', 'Olšovice'),
(3578, 4, 25, '583545', 'Omice'),
(3579, 3, 55, '545660', 'Omlenice'),
(3580, 9, 12, '589837', 'Ondratice'),
(3581, 10, 15, '537691', 'Ondrejov'),
(3582, 2, 20, '538582', 'Ondrejov'),
(3583, 2, 2, '534277', 'Onomyšl'),
(3584, 10, 15, '548502', 'Onšov'),
(3585, 4, 34, '594580', 'Onšov'),
(3586, 3, 31, '552801', 'Oparany'),
(3587, 6, 32, '578487', 'Opatov'),
(3588, 10, 16, '587621', 'Opatov'),
(3589, 10, 23, '591319', 'Opatov'),
(3590, 6, 32, '572721', 'Opatovec'),
(3591, 9, 52, '516201', 'Opatovice'),
(3592, 4, 25, '583553', 'Opatovice'),
(3593, 2, 2, '530956', 'Opatovice I'),
(3594, 6, 35, '575429', 'Opatovice nad Labem'),
(3595, 7, 48, '505927', 'Opava'),
(3596, 2, 20, '571679', 'Oplany'),
(3597, 9, 52, '553000', 'Oplocany'),
(3598, 13, 66, '539783', 'Oplot'),
(3599, 2, 57, '537578', 'Opocnice'),
(3600, 11, 65, '542555', 'Opocno'),
(3601, 5, 8, '576590', 'Opocno'),
(3602, 2, 57, '537586', 'Opolany'),
(3603, 10, 23, '591327', 'Oponešice'),
(3604, 9, 52, '516350', 'Oprostovice'),
(3605, 2, 44, '542202', 'Orácov'),
(3606, 6, 58, '571962', 'Orel'),
(3607, 6, 6, '580716', 'Orlické Podhurí'),
(3608, 5, 8, '576603', 'Orlické Záhorí'),
(3609, 6, 6, '580724', 'Orlicky'),
(3610, 3, 9, '549681', 'Orlík nad Vltavou'),
(3611, 7, 7, '599069', 'Orlová'),
(3612, 4, 68, '593460', 'Orlovice'),
(3613, 2, 69, '539520', 'Orech'),
(3614, 4, 25, '583561', 'Orechov'),
(3615, 10, 16, '587630', 'Orechov'),
(3616, 12, 24, '592447', 'Orechov'),
(3617, 10, 30, '596329', 'Orechov'),
(3618, 2, 60, '598470', 'Osecany'),
(3619, 2, 57, '599662', 'Osecek'),
(3620, 8, 62, '564290', 'Osecná'),
(3621, 5, 8, '576611', 'Osecnice'),
(3622, 2, 42, '531634', 'Osek'),
(3623, 3, 40, '551562', 'Osek'),
(3624, 13, 59, '560057', 'Osek'),
(3625, 11, 64, '567779', 'Osek'),
(3626, 5, 27, '573264', 'Osek'),
(3627, 3, 9, '598828', 'Osek'),
(3628, 9, 52, '516619', 'Osek nad Becvou'),
(3629, 13, 66, '558184', 'Oselce'),
(3630, 5, 22, '570532', 'Osice'),
(3631, 12, 37, '588822', 'Osícko'),
(3632, 5, 22, '570541', 'Osicky'),
(3633, 6, 32, '578509', 'Osík'),
(3634, 4, 25, '582174', 'Osiky'),
(3635, 9, 67, '540544', 'Oskava'),
(3636, 2, 57, '537616', 'Oskorínek'),
(3637, 4, 25, '583588', 'Oslavany'),
(3638, 10, 30, '596337', 'Oslavice'),
(3639, 10, 30, '511412', 'Oslavicka'),
(3640, 4, 34, '594598', 'Oslnovice'),
(3641, 3, 9, '549703', 'Oslov'),
(3642, 7, 13, '597716', 'Osoblaha'),
(3643, 2, 42, '531642', 'Osov'),
(3644, 10, 30, '596345', 'Osová Bítýška'),
(3645, 10, 30, '596353', 'Osové'),
(3646, 10, 23, '591335', 'Ostašov'),
(3647, 4, 25, '583596', 'Ostopovice'),
(3648, 2, 57, '537624', 'Ostrá'),
(3649, 12, 53, '557170', 'Ostrata'),
(3650, 7, 74, '554821', 'Ostrava'),
(3651, 7, 38, '598542', 'Ostravice'),
(3652, 3, 3, '535231', 'Ostrolovský Újezd'),
(3653, 5, 27, '573272', 'Ostromer'),
(3654, 10, 28, '548359', 'Ostrov'),
(3655, 1, 1, '555428', 'Ostrov'),
(3656, 6, 58, '574104', 'Ostrov'),
(3657, 6, 6, '580732', 'Ostrov'),
(3658, 2, 60, '598372', 'Ostrov'),
(3659, 2, 54, '599395', 'Ostrov'),
(3660, 10, 30, '596361', 'Ostrov nad Oslavou'),
(3661, 13, 43, '559326', 'Ostrov u Bezdružic'),
(3662, 4, 4, '582182', 'Ostrov u Macochy'),
(3663, 4, 25, '583600', 'Ostrovacice'),
(3664, 4, 14, '586471', 'Ostrovánky'),
(3665, 3, 9, '549711', 'Ostrovec'),
(3666, 13, 59, '566993', 'Ostrovec-Lhotka'),
(3667, 12, 24, '592455', 'Ostrožská Lhota'),
(3668, 12, 24, '592463', 'Ostrožská Nová Ves'),
(3669, 9, 50, '569330', 'Ostružná'),
(3670, 5, 27, '573281', 'Ostružno'),
(3671, 2, 54, '530352', 'Ostredek'),
(3672, 6, 35, '575437', 'Ostrešany'),
(3673, 13, 46, '578061', 'Ostretice'),
(3674, 6, 35, '575445', 'Ostretín'),
(3675, 12, 24, '592471', 'Osvetimany'),
(3676, 13, 26, '554073', 'Osvracín'),
(3677, 13, 56, '541681', 'Ošelín'),
(3678, 9, 12, '589845', 'Otaslavice'),
(3679, 13, 66, '540293', 'Otešice'),
(3680, 7, 48, '509612', 'Otice'),
(3681, 10, 16, '587648', 'Otín'),
(3682, 10, 30, '596370', 'Otín'),
(3683, 9, 12, '589853', 'Otinoves'),
(3684, 4, 25, '506699', 'Otmarov'),
(3685, 2, 42, '534111', 'Otmíce'),
(3686, 4, 68, '593478', 'Otnice'),
(3687, 13, 26, '566209', 'Otov'),
(3688, 1, 1, '537969', 'Otovice'),
(3689, 5, 5, '574317', 'Otovice'),
(3690, 6, 58, '554952', 'Otradov'),
(3691, 1, 1, '555444', 'Otrocín'),
(3692, 2, 42, '531669', 'Otrocineves'),
(3693, 12, 53, '585599', 'Otrokovice'),
(3694, 11, 63, '563277', 'Otvice'),
(3695, 2, 51, '532681', 'Otvovice'),
(3696, 2, 60, '541010', 'Oubenice'),
(3697, 6, 6, '580741', 'Oucmanice'),
(3698, 10, 28, '569224', 'Oudolen'),
(3699, 2, 36, '533572', 'Ovcáry'),
(3700, 2, 73, '535141', 'Ovcáry'),
(3701, 10, 28, '569232', 'Ovesná Lhota'),
(3702, 1, 18, '539473', 'Ovesné Kladruby'),
(3703, 12, 70, '544574', 'Oznice'),
(3704, 2, 2, '531278', 'Pabenice'),
(3705, 8, 62, '545953', 'Pacerice'),
(3706, 12, 37, '588831', 'Pacetluky'),
(3707, 10, 15, '548511', 'Pacov'),
(3708, 13, 46, '556912', 'Pacejov'),
(3709, 12, 37, '588849', 'Paclavice'),
(3710, 2, 51, '564192', 'Pálec'),
(3711, 7, 38, '598551', 'Palkovice'),
(3712, 9, 67, '540595', 'Palonín'),
(3713, 10, 23, '550469', 'Pálovice'),
(3714, 4, 4, '582191', 'Pametice'),
(3715, 10, 16, '587656', 'Panenská Rozsícka'),
(3716, 2, 20, '538604', 'Panenské Brežany'),
(3717, 11, 65, '566535', 'Panenský Týnec'),
(3718, 2, 44, '542211', 'Panoší Újezd'),
(3719, 10, 16, '587672', 'Panské Dubenky'),
(3720, 3, 40, '551571', 'Paracov'),
(3721, 6, 35, '555134', 'Pardubice'),
(3722, 9, 52, '516635', 'Paršovice'),
(3723, 9, 52, '516686', 'Partutovice'),
(3724, 13, 26, '599182', 'Parezov'),
(3725, 13, 26, '554081', 'Pasecnice'),
(3726, 9, 21, '504785', 'Paseka'),
(3727, 3, 9, '562254', 'Paseky'),
(3728, 8, 49, '547476', 'Paseky nad Jizerou'),
(3729, 7, 38, '598569', 'Paskov'),
(3730, 4, 25, '584762', 'Pasohlávky'),
(3731, 13, 43, '566781', 'Pastuchovice'),
(3732, 6, 6, '580759', 'Pastviny'),
(3733, 2, 36, '513423', 'Pašinka'),
(3734, 12, 24, '592480', 'Pašovice'),
(3735, 2, 57, '537632', 'Pátek'),
(3736, 11, 45, '567345', 'Patokryje'),
(3737, 4, 34, '594601', 'Pavlice'),
(3738, 2, 44, '544248', 'Pavlíkov'),
(3739, 10, 30, '596388', 'Pavlínov'),
(3740, 2, 51, '532711', 'Pavlov'),
(3741, 9, 67, '540609', 'Pavlov'),
(3742, 10, 15, '561916', 'Pavlov'),
(3743, 10, 28, '569241', 'Pavlov'),
(3744, 4, 41, '584771', 'Pavlov'),
(3745, 10, 16, '587681', 'Pavlov'),
(3746, 10, 30, '596396', 'Pavlov'),
(3747, 2, 54, '533076', 'Pavlovice'),
(3748, 9, 12, '557196', 'Pavlovice u Kojetína'),
(3749, 9, 52, '516694', 'Pavlovice u Prerova'),
(3750, 7, 38, '552500', 'Pazderna'),
(3751, 13, 26, '554090', 'Pec'),
(3752, 5, 39, '579581', 'Pec pod Snežkou'),
(3753, 5, 27, '573299', 'Pecka'),
(3754, 3, 33, '507717', 'Pec'),
(3755, 2, 60, '541028', 'Pecice'),
(3756, 2, 29, '571032', 'Pecice'),
(3757, 5, 8, '576620', 'Pecín'),
(3758, 2, 36, '537641', 'Pecky'),
(3759, 3, 19, '537543', 'Pecnov'),
(3760, 13, 26, '566373', 'Pelechy'),
(3761, 10, 15, '547492', 'Pelhrimov'),
(3762, 8, 10, '563749', 'Pencín'),
(3763, 8, 62, '564303', 'Pencín'),
(3764, 9, 12, '589870', 'Pencín'),
(3765, 6, 58, '572004', 'Perálec'),
(3766, 4, 41, '584789', 'Perná'),
(3767, 13, 43, '559334', 'Pernarec'),
(3768, 1, 1, '555452', 'Pernink'),
(3769, 4, 25, '596400', 'Pernštejnské Jestrabí'),
(3770, 11, 63, '563285', 'Perštejn'),
(3771, 2, 2, '534307', 'Pertoltice'),
(3772, 8, 62, '564311', 'Pertoltice'),
(3773, 8, 61, '514276', 'Pertoltice pod Ralskem'),
(3774, 11, 65, '566551', 'Peruc'),
(3775, 8, 49, '577391', 'Perimov'),
(3776, 11, 63, '546062', 'Pesvice'),
(3777, 2, 20, '529656', 'Petihosty'),
(3778, 2, 29, '598241', 'Petikozly'),
(3779, 11, 63, '563293', 'Petipsy'),
(3780, 2, 29, '536431', 'Petkovy'),
(3781, 10, 30, '596418', 'Petrávec'),
(3782, 11, 65, '566560', 'Petrohrad'),
(3783, 2, 54, '530409', 'Petroupim'),
(3784, 2, 69, '539546', 'Petrov'),
(3785, 4, 4, '582204', 'Petrov'),
(3786, 4, 14, '586480', 'Petrov'),
(3787, 9, 67, '500020', 'Petrov nad Desnou'),
(3788, 2, 60, '541044', 'Petrovice'),
(3789, 2, 44, '542229', 'Petrovice'),
(3790, 7, 13, '551848', 'Petrovice'),
(3791, 11, 75, '568147', 'Petrovice'),
(3792, 5, 22, '570567', 'Petrovice'),
(3793, 6, 6, '580767', 'Petrovice'),
(3794, 4, 4, '582212', 'Petrovice'),
(3795, 10, 23, '591360', 'Petrovice'),
(3796, 4, 34, '594610', 'Petrovice'),
(3797, 2, 2, '534315', 'Petrovice I'),
(3798, 2, 2, '534323', 'Petrovice II'),
(3799, 7, 7, '599077', 'Petrovice u Karviné'),
(3800, 13, 46, '556921', 'Petrovice u Sušice'),
(3801, 5, 27, '548871', 'Petrovicky'),
(3802, 12, 53, '556874', 'Petruvka'),
(3803, 10, 23, '591378', 'Petruvky'),
(3804, 3, 3, '535699', 'Petríkov'),
(3805, 2, 20, '538612', 'Petríkov'),
(3806, 7, 7, '599085', 'Petrvald'),
(3807, 7, 11, '599743', 'Petrvald'),
(3808, 2, 51, '532720', 'Pchery'),
(3809, 2, 60, '541052', 'Picín'),
(3810, 10, 30, '549916', 'Pikárec'),
(3811, 1, 1, '556947', 'Pila'),
(3812, 5, 39, '579599', 'Pilníkov'),
(3813, 9, 67, '540650', 'Písarov'),
(3814, 9, 50, '540684', 'Písecná'),
(3815, 7, 38, '557226', 'Písecná'),
(3816, 6, 6, '580775', 'Písecná'),
(3817, 3, 33, '546917', 'Písecné'),
(3818, 10, 30, '596434', 'Písecné'),
(3819, 7, 38, '512028', 'Písek'),
(3820, 3, 9, '549240', 'Písek'),
(3821, 5, 22, '570575', 'Písek'),
(3822, 2, 29, '536440', 'Písková Lhota'),
(3823, 2, 57, '537659', 'Písková Lhota'),
(3824, 3, 33, '561070', 'Pístina'),
(3825, 2, 57, '537667', 'Písty'),
(3826, 7, 48, '509647', 'Píšt'),
(3827, 10, 15, '548545', 'Píšt'),
(3828, 11, 47, '542539', 'Píštany'),
(3829, 3, 3, '535991', 'Pištín'),
(3830, 12, 24, '592498', 'Pitín'),
(3831, 9, 12, '589888', 'Pivín'),
(3832, 3, 40, '598887', 'Pivkovice'),
(3833, 3, 3, '535176', 'Planá'),
(3834, 13, 56, '561134', 'Planá'),
(3835, 3, 31, '552828', 'Planá nad Lužnicí'),
(3836, 2, 36, '533581', 'Planany'),
(3837, 10, 16, '587702', 'Plandry'),
(3838, 13, 43, '530336', 'Pláne'),
(3839, 13, 46, '556955', 'Plánice'),
(3840, 13, 43, '559351', 'Plasy'),
(3841, 3, 3, '535346', 'Plav'),
(3842, 4, 34, '594628', 'Plavec'),
(3843, 3, 33, '509078', 'Plavsko'),
(3844, 8, 10, '563757', 'Plavy'),
(3845, 2, 29, '536458', 'Plazy'),
(3846, 4, 34, '550051', 'Plenkovice'),
(3847, 1, 18, '554740', 'Plesná'),
(3848, 3, 33, '507628', 'Pleše'),
(3849, 13, 43, '559369', 'Plešnice'),
(3850, 2, 51, '532738', 'Pletený Újezd'),
(3851, 6, 35, '572942', 'Plch'),
(3852, 2, 51, '564125', 'Plchov'),
(3853, 6, 6, '580783', 'Plchovice'),
(3854, 13, 59, '566861', 'Plískov'),
(3855, 11, 47, '565393', 'Ploskovice'),
(3856, 3, 33, '546968', 'Pluhuv Ždár'),
(3857, 9, 12, '589896', 'Plumlov'),
(3858, 2, 29, '565580', 'Plužná'),
(3859, 13, 76, '554791', 'Plzen'),
(3860, 11, 65, '566578', 'Pnetluky'),
(3861, 13, 43, '559377', 'Pnovany'),
(3862, 9, 21, '552160', 'Pnovice'),
(3863, 2, 36, '537675', 'Pnov-Predhradí'),
(3864, 13, 26, '554111', 'Pobežovice'),
(3865, 6, 35, '575461', 'Pobežovice u Holic'),
(3866, 6, 35, '575470', 'Pobežovice u Prelouce'),
(3867, 13, 26, '554120', 'Pocinovice'),
(3868, 2, 60, '564214', 'Pocaply'),
(3869, 10, 15, '548561', 'Pocátky'),
(3870, 11, 65, '566586', 'Pocedelice'),
(3871, 12, 37, '588865', 'Pocenice-Tetetice'),
(3872, 2, 60, '541087', 'Pocepice'),
(3873, 10, 30, '596442', 'Pocítky'),
(3874, 11, 65, '566608', 'Podboranský Rohozec'),
(3875, 11, 65, '566616', 'Podborany'),
(3876, 2, 42, '534285', 'Podbrdy'),
(3877, 5, 8, '576654', 'Podbrezí'),
(3878, 4, 68, '550795', 'Podbrežice'),
(3879, 2, 57, '537683', 'Podebrady'),
(3880, 10, 30, '596451', 'Podešín'),
(3881, 13, 26, '566365', 'Podevousy'),
(3882, 5, 27, '573311', 'Podhorní Újezd a Vojice'),
(3883, 6, 58, '572039', 'Podhorany u Ronova'),
(3884, 12, 53, '534811', 'Podhradí'),
(3885, 1, 18, '538817', 'Podhradí'),
(3886, 5, 27, '573329', 'Podhradí'),
(3887, 4, 34, '594636', 'Podhradí nad Dyjí'),
(3888, 12, 37, '588873', 'Podhradní Lhota'),
(3889, 4, 68, '593486', 'Podivice'),
(3890, 4, 41, '584797', 'Podivín'),
(3891, 12, 53, '585611', 'Podkopná Lhota'),
(3892, 2, 60, '564486', 'Podlesí'),
(3893, 6, 6, '580805', 'Podlesí'),
(3894, 2, 51, '532754', 'Podlešín'),
(3895, 2, 42, '531685', 'Podluhy'),
(3896, 10, 28, '548634', 'Podmoklany'),
(3897, 13, 46, '551686', 'Podmokly'),
(3898, 13, 59, '560081', 'Podmokly'),
(3899, 10, 28, '548251', 'Podmoky'),
(3900, 2, 57, '599590', 'Podmoky'),
(3901, 4, 34, '594644', 'Podmolí'),
(3902, 4, 34, '594652', 'Podmyce'),
(3903, 2, 20, '538621', 'Podolanka'),
(3904, 9, 52, '516864', 'Podolí'),
(3905, 12, 70, '569496', 'Podolí'),
(3906, 4, 25, '583634', 'Podolí'),
(3907, 12, 24, '592501', 'Podolí'),
(3908, 10, 30, '596469', 'Podolí'),
(3909, 3, 9, '549754', 'Podolí I'),
(3910, 4, 68, '550175', 'Podomí'),
(3911, 11, 47, '565415', 'Podsedice'),
(3912, 6, 35, '572951', 'Podulšany'),
(3913, 5, 27, '573345', 'Podulší'),
(3914, 2, 2, '528196', 'Podveky'),
(3915, 10, 28, '569291', 'Pohled'),
(3916, 10, 28, '573591', 'Pohled'),
(3917, 6, 32, '578550', 'Pohledy'),
(3918, 3, 31, '560553', 'Pohnánec'),
(3919, 3, 31, '552852', 'Pohnání'),
(3920, 3, 40, '536911', 'Pohorovice'),
(3921, 3, 55, '545694', 'Pohorská Ves'),
(3922, 12, 53, '549461', 'Pohorelice'),
(3923, 4, 25, '584801', 'Pohorelice'),
(3924, 2, 69, '539562', 'Pohorí'),
(3925, 5, 8, '576662', 'Pohorí'),
(3926, 2, 44, '542237', 'Pochvalov'),
(3927, 3, 31, '552861', 'Pojbuky'),
(3928, 10, 30, '596477', 'Pokojov'),
(3929, 10, 23, '550370', 'Pokojovice'),
(3930, 6, 58, '572063', 'Pokrikov'),
(3931, 13, 66, '553565', 'Polánka'),
(3932, 13, 46, '541788', 'Polen'),
(3933, 2, 36, '533599', 'Polepy'),
(3934, 11, 47, '565431', 'Polepy'),
(3935, 2, 20, '538639', 'Polerady'),
(3936, 11, 45, '567353', 'Polerady'),
(3937, 10, 15, '561436', 'Polesí'),
(3938, 12, 24, '592510', 'Polešovice'),
(3939, 8, 61, '561959', 'Polevsko'),
(3940, 9, 67, '540731', 'Police'),
(3941, 12, 70, '544621', 'Police'),
(3942, 10, 23, '591394', 'Police'),
(3943, 5, 5, '574341', 'Police nad Metují'),
(3944, 6, 32, '578576', 'Policka'),
(3945, 9, 52, '516899', 'Polkovice'),
(3946, 10, 16, '587711', 'Polná'),
(3947, 2, 36, '513237', 'Polní Chrcice'),
(3948, 2, 36, '513148', 'Polní Voderady'),
(3949, 10, 30, '596485', 'Polnicka'),
(3950, 9, 52, '516911', 'Polom'),
(3951, 5, 8, '548723', 'Polom'),
(3952, 9, 12, '549983', 'Polomí'),
(3953, 3, 33, '562459', 'Polšte'),
(3954, 6, 32, '578584', 'Pomezí'),
(3955, 1, 18, '538868', 'Pomezí nad Ohrí'),
(3956, 3, 33, '562670', 'Ponedraž'),
(3957, 3, 33, '562653', 'Ponedrážka'),
(3958, 4, 25, '549738', 'Ponetovice'),
(3959, 8, 49, '577405', 'Poniklá'),
(3960, 3, 33, '546992', 'Popelín'),
(3961, 4, 41, '584819', 'Popice'),
(3962, 2, 54, '532649', 'Popovice'),
(3963, 4, 25, '583651', 'Popovice'),
(3964, 12, 24, '592528', 'Popovice'),
(3965, 2, 20, '599221', 'Popovicky'),
(3966, 4, 25, '583669', 'Popuvky'),
(3967, 10, 23, '591408', 'Popuvky'),
(3968, 2, 36, '537705', 'Porícany'),
(3969, 2, 54, '530441', 'Porící nad Sázavou'),
(3970, 6, 32, '572373', 'Porící u Litomyšle'),
(3971, 11, 65, '566624', 'Postoloprty'),
(3972, 13, 26, '554138', 'Postrekov'),
(3973, 9, 67, '540773', 'Postrelmov'),
(3974, 9, 67, '553352', 'Postrelmuvek'),
(3975, 2, 73, '538647', 'Postrižín'),
(3976, 2, 54, '530450', 'Postupice'),
(3977, 10, 15, '548600', 'Pošná'),
(3978, 2, 51, '564087', 'Poštovice'),
(3979, 12, 53, '549533', 'Potec'),
(3980, 2, 2, '534331', 'Potehy'),
(3981, 9, 52, '517101', 'Potštát'),
(3982, 5, 8, '576671', 'Potštejn'),
(3983, 1, 1, '555479', 'Potucky'),
(3984, 13, 43, '530247', 'Potvorov'),
(3985, 1, 18, '577979', 'Poustka'),
(3986, 4, 41, '584835', 'Pouzdrany'),
(3987, 11, 75, '568155', 'Povrly'),
(3988, 10, 23, '591416', 'Pozdatín'),
(3989, 12, 70, '544655', 'Pozdechov'),
(3990, 2, 51, '532762', 'Pozden'),
(3991, 12, 53, '549401', 'Pozlovice'),
(3992, 4, 25, '583677', 'Pozorice'),
(3993, 4, 25, '583685', 'Prace'),
(3994, 3, 40, '551619', 'Pracejovice'),
(3995, 11, 47, '565458', 'Prackovice nad Labem'),
(3996, 4, 34, '594679', 'Práce'),
(3997, 13, 66, '558231', 'Prádlo'),
(3998, 14, 77, '554782', 'Praha'),
(3999, 3, 19, '550094', 'Prachatice'),
(4000, 6, 58, '572071', 'Prachovice'),
(4001, 12, 24, '592536', 'Prakšice'),
(4002, 1, 18, '539538', 'Prameny'),
(4003, 5, 22, '570648', 'Prasek'),
(4004, 5, 22, '570656', 'Praskacka'),
(4005, 12, 37, '587397', 'Prasklice'),
(4006, 2, 42, '531693', 'Praskolesy'),
(4007, 13, 46, '556084', 'Prášily'),
(4008, 12, 37, '588890', 'Pravcice'),
(4009, 4, 34, '594687', 'Pravice'),
(4010, 4, 25, '583693', 'Pravlov'),
(4011, 2, 54, '530476', 'Pravonín'),
(4012, 6, 35, '572853', 'Pravy'),
(4013, 7, 38, '568813', 'Pražmo'),
(4014, 12, 70, '544671', 'Prlov'),
(4015, 11, 64, '567787', 'Proboštov'),
(4016, 3, 9, '561509', 'Probulov'),
(4017, 2, 29, '570753', 'Prodašice'),
(4018, 4, 34, '594695', 'Prokopov'),
(4019, 5, 8, '548758', 'Proruby'),
(4020, 10, 15, '537829', 'Prosec'),
(4021, 6, 58, '572080', 'Prosec'),
(4022, 8, 62, '544345', 'Prosec pod Ještedem'),
(4023, 10, 15, '561941', 'Prosec pod Kremešníkem'),
(4024, 5, 39, '579602', 'Prosecné'),
(4025, 9, 52, '517151', 'Prosenice'),
(4026, 2, 60, '541133', 'Prosenická Lhota'),
(4027, 6, 58, '572098', 'Prosetín'),
(4028, 10, 30, '596493', 'Prosetín'),
(4029, 10, 28, '569313', 'Prosícka'),
(4030, 4, 34, '594709', 'Prosimerice'),
(4031, 9, 12, '589250', 'Prostejov'),
(4032, 9, 12, '589918', 'Prostejovicky'),
(4033, 13, 56, '541486', 'Prostibor'),
(4034, 12, 70, '544698', 'Prostrední Becva'),
(4035, 4, 4, '582221', 'Prostrední Porící'),
(4036, 9, 12, '589926', 'Protivanov'),
(4037, 3, 9, '549771', 'Protivín'),
(4038, 8, 61, '561983', 'Provodín'),
(4039, 12, 53, '585661', 'Provodov'),
(4040, 9, 52, '517208', 'Provodovice'),
(4041, 5, 5, '574350', 'Provodov-Šonov'),
(4042, 4, 25, '583707', 'Prštice'),
(4043, 2, 69, '539571', 'Pruhonice'),
(4044, 2, 20, '564788', 'Prusice'),
(4045, 12, 37, '588903', 'Prusinovice'),
(4046, 4, 68, '593494', 'Prusy-Boškuvky'),
(4047, 4, 14, '586498', 'Prušánky'),
(4048, 8, 61, '561991', 'Prysk'),
(4049, 7, 38, '507181', 'Pržno'),
(4050, 12, 70, '544728', 'Pržno'),
(4051, 9, 21, '552411', 'Práslavice'),
(4052, 3, 9, '561517', 'Preborov'),
(4053, 1, 72, '560596', 'Prebuz'),
(4054, 10, 23, '591424', 'Preckov'),
(4055, 2, 20, '538655', 'Predboj'),
(4056, 13, 66, '540412', 'Predenice'),
(4057, 6, 58, '572101', 'Predhradí'),
(4058, 10, 23, '591432', 'Predín'),
(4059, 4, 25, '549746', 'Predklášterí'),
(4060, 2, 29, '536491', 'Predmerice nad Jizerou'),
(4061, 5, 22, '570672', 'Predmerice nad Labem'),
(4062, 3, 40, '551627', 'Predmír'),
(4063, 3, 55, '545716', 'Prední Výton'),
(4064, 3, 40, '536792', 'Prední Zborovice'),
(4065, 3, 9, '509621', 'Predotice'),
(4066, 13, 46, '557005', 'Predslav'),
(4067, 3, 40, '551635', 'Predslavice'),
(4068, 3, 31, '552895', 'Prehorov'),
(4069, 2, 36, '513369', 'Prehvozdí'),
(4070, 13, 43, '559393', 'Prehýšov'),
(4071, 3, 40, '536547', 'Prechovice'),
(4072, 2, 51, '532771', 'Prelíc'),
(4073, 6, 35, '575500', 'Prelouc'),
(4074, 6, 35, '575518', 'Prelovice'),
(4075, 9, 12, '589934', 'Premyslovice'),
(4076, 2, 29, '570923', 'Prepere'),
(4077, 8, 49, '577413', 'Prepere'),
(4078, 6, 35, '575526', 'Prepychy'),
(4079, 5, 8, '576689', 'Prepychy'),
(4080, 9, 52, '511382', 'Prerov'),
(4081, 2, 57, '537721', 'Prerov nad Labem'),
(4082, 2, 44, '598577', 'Prerubenice'),
(4083, 4, 34, '550078', 'Preskace'),
(4084, 11, 75, '530620', 'Prestanov'),
(4085, 9, 52, '517224', 'Prestavlky'),
(4086, 13, 66, '530131', 'Prestavlky'),
(4087, 11, 47, '565474', 'Prestavlky'),
(4088, 6, 58, '572110', 'Prestavlky'),
(4089, 2, 54, '530492', 'Prestavlky u Cercan'),
(4090, 10, 23, '591441', 'Prešovice'),
(4091, 3, 9, '549797', 'Preštenice'),
(4092, 13, 66, '558249', 'Preštice'),
(4093, 3, 40, '551643', 'Preštovice'),
(4094, 5, 22, '570681', 'Prevýšov'),
(4095, 2, 20, '538671', 'Prezletice'),
(4096, 4, 25, '584843', 'Pribice'),
(4097, 7, 11, '599808', 'Príbor'),
(4098, 2, 60, '539911', 'Príbram'),
(4099, 4, 25, '583715', 'Príbram na Morave'),
(4100, 3, 33, '561088', 'Príbraz'),
(4101, 10, 28, '569321', 'Pribyslav'),
(4102, 5, 5, '574368', 'Pribyslav'),
(4103, 4, 25, '583723', 'Pribyslavice'),
(4104, 10, 23, '591459', 'Pribyslavice'),
(4105, 2, 44, '542253', 'Prícina'),
(4106, 2, 60, '513547', 'Prícovy'),
(4107, 3, 55, '545724', 'Prídolí'),
(4108, 13, 66, '558257', 'Príchovice'),
(4109, 9, 21, '505013', 'Príkazy'),
(4110, 13, 59, '579131', 'Príkosice'),
(4111, 8, 49, '577421', 'Príkrý'),
(4112, 12, 37, '549720', 'Prílepy'),
(4113, 2, 44, '565261', 'Prílepy'),
(4114, 6, 32, '578622', 'Príluka'),
(4115, 13, 56, '561151', 'Primda'),
(4116, 3, 55, '545732', 'Prísecná'),
(4117, 10, 28, '569348', 'Príseka'),
(4118, 4, 25, '583731', 'Prísnotice'),
(4119, 2, 36, '513393', 'Pristoupim'),
(4120, 2, 36, '533611', 'Prišimasy'),
(4121, 13, 43, '567086', 'Príšov'),
(4122, 8, 62, '564354', 'Príšovice'),
(4123, 10, 23, '544752', 'Príštpo'),
(4124, 4, 41, '584851', 'Prítluky'),
(4125, 13, 59, '560111', 'Prívetice'),
(4126, 6, 6, '580821', 'Prívrat'),
(4127, 3, 31, '563374', 'Psárov'),
(4128, 2, 69, '539597', 'Psáry'),
(4129, 2, 54, '530514', 'Psáre'),
(4130, 7, 38, '552577', 'Pstruží'),
(4131, 5, 22, '530671', 'Pšánky'),
(4132, 1, 1, '555525', 'Pšov'),
(4133, 2, 44, '542270', 'Pšovlky'),
(4134, 9, 12, '589942', 'Ptení'),
(4135, 13, 66, '558265', 'Ptenín'),
(4136, 2, 69, '532789', 'Ptice'),
(4137, 2, 29, '571938', 'Ptýrov'),
(4138, 13, 26, '554154', 'Puclice'),
(4139, 10, 23, '591491', 'Pucov'),
(4140, 5, 22, '573531', 'Puchlovice'),
(4141, 10, 16, '587745', 'Puklice'),
(4142, 8, 10, '546577', 'Pulecný'),
(4143, 6, 32, '578631', 'Pustá Kamenice'),
(4144, 7, 48, '509736', 'Pustá Polom'),
(4145, 6, 32, '578649', 'Pustá Rybná'),
(4146, 7, 11, '568775', 'Pustejov'),
(4147, 4, 68, '593508', 'Pustimer'),
(4148, 6, 6, '580830', 'Pustina'),
(4149, 2, 44, '542288', 'Pustovety'),
(4150, 3, 9, '549801', 'Putim'),
(4151, 10, 15, '598755', 'Putimov'),
(4152, 10, 23, '591505', 'Pyšel'),
(4153, 2, 54, '538680', 'Pyšely'),
(4154, 2, 29, '565652', 'Rabakov'),
(4155, 13, 46, '557013', 'Rabí'),
(4156, 6, 58, '556882', 'Rabštejnská Lhota'),
(4157, 6, 35, '575534', 'Ráby'),
(4158, 2, 54, '530522', 'Rabyne'),
(4159, 12, 53, '585670', 'Racková'),
(4160, 10, 23, '511307', 'Rácovice'),
(4161, 11, 63, '546071', 'Racetice'),
(4162, 11, 47, '565482', 'Racice'),
(4163, 10, 23, '591521', 'Racice'),
(4164, 10, 30, '596507', 'Racice'),
(4165, 2, 44, '599760', 'Racice'),
(4166, 5, 22, '570702', 'Racice nad Trotinou'),
(4167, 4, 68, '593516', 'Racice-Pístovice'),
(4168, 10, 30, '588059', 'Racín'),
(4169, 11, 47, '565491', 'Racineves'),
(4170, 8, 10, '563773', 'Radcice'),
(4171, 4, 14, '586501', 'Radejov'),
(4172, 3, 40, '536423', 'Radejovice'),
(4173, 2, 20, '538698', 'Radejovice'),
(4174, 10, 30, '596515', 'Radenice'),
(4175, 3, 31, '552917', 'Radenín'),
(4176, 10, 30, '596523', 'Radešín'),
(4177, 10, 30, '596531', 'Radešínská Svratka');
INSERT INTO `obec_cities` (`id`, `kraj_region_id`, `okres_county_id`, `kod`, `nazev`) VALUES
(4178, 3, 31, '552925', 'Radetice'),
(4179, 2, 60, '564389', 'Radetice'),
(4180, 3, 19, '550485', 'Radhostice'),
(4181, 6, 6, '575542', 'Radhošt'),
(4182, 2, 60, '598488', 'Radíc'),
(4183, 9, 52, '517275', 'Radíkov'),
(4184, 5, 22, '570711', 'Radíkovice'),
(4185, 2, 36, '533629', 'Radim'),
(4186, 5, 27, '573370', 'Radim'),
(4187, 6, 32, '578657', 'Radimer'),
(4188, 8, 62, '544582', 'Radimovice'),
(4189, 3, 31, '563196', 'Radimovice u Tábora'),
(4190, 3, 31, '552933', 'Radimovice u Želce'),
(4191, 10, 30, '549924', 'Radkov'),
(4192, 3, 31, '552941', 'Radkov'),
(4193, 7, 48, '568317', 'Radkov'),
(4194, 6, 32, '574333', 'Radkov'),
(4195, 10, 16, '587761', 'Radkov'),
(4196, 9, 52, '517321', 'Radkova Lhota'),
(4197, 13, 66, '540421', 'Radkovice'),
(4198, 10, 23, '550493', 'Radkovice u Budce'),
(4199, 10, 23, '591548', 'Radkovice u Hrotovic'),
(4200, 9, 52, '517437', 'Radkovy'),
(4201, 8, 10, '563781', 'Rádlo'),
(4202, 13, 59, '560120', 'Radnice'),
(4203, 10, 30, '596540', 'Radnoves'),
(4204, 10, 30, '596558', 'Radnovice'),
(4205, 3, 40, '551660', 'Radomyšl'),
(4206, 2, 20, '538701', 'Radonice'),
(4207, 11, 63, '563323', 'Radonice'),
(4208, 10, 23, '591556', 'Radonín'),
(4209, 4, 25, '583740', 'Radostice'),
(4210, 10, 28, '569364', 'Radostín'),
(4211, 10, 30, '596566', 'Radostín'),
(4212, 10, 30, '596574', 'Radostín nad Oslavou'),
(4213, 8, 49, '577430', 'Radostná pod Kozákovem'),
(4214, 5, 22, '570729', 'Radostov'),
(4215, 10, 23, '591564', 'Radošov'),
(4216, 2, 54, '530531', 'Radošovice'),
(4217, 3, 3, '544965', 'Radošovice'),
(4218, 3, 40, '551678', 'Radošovice'),
(4219, 10, 23, '545040', 'Radotice'),
(4220, 9, 52, '517445', 'Radotín'),
(4221, 11, 47, '565521', 'Radovesice'),
(4222, 2, 36, '533637', 'Radovesnice I'),
(4223, 2, 36, '533645', 'Radovesnice II'),
(4224, 9, 52, '517534', 'Radslavice'),
(4225, 4, 68, '593524', 'Radslavice'),
(4226, 7, 48, '509841', 'Radun'),
(4227, 8, 61, '530387', 'Radvanec'),
(4228, 9, 52, '517569', 'Radvanice'),
(4229, 5, 39, '579629', 'Radvanice'),
(4230, 9, 67, '540854', 'Rájec'),
(4231, 4, 4, '582239', 'Rájec-Jestrebí'),
(4232, 4, 4, '582247', 'Rájecko'),
(4233, 4, 25, '583758', 'Rajhrad'),
(4234, 4, 25, '583766', 'Rajhradice'),
(4235, 12, 37, '588920', 'Rajnochovice'),
(4236, 8, 49, '577448', 'Rakousy'),
(4237, 9, 52, '517585', 'Rakov'),
(4238, 13, 59, '566942', 'Raková'),
(4239, 9, 12, '589951', 'Raková u Konice'),
(4240, 3, 9, '562068', 'Rakovice'),
(4241, 2, 44, '541656', 'Rakovník'),
(4242, 9, 12, '589969', 'Rakuvka'),
(4243, 4, 41, '584860', 'Rakvice'),
(4244, 8, 61, '562017', 'Ralsko'),
(4245, 11, 65, '566659', 'Raná'),
(4246, 6, 58, '572152', 'Raná'),
(4247, 10, 16, '587176', 'Rancírov'),
(4248, 10, 16, '587788', 'Rantírov'),
(4249, 10, 23, '591581', 'Rapotice'),
(4250, 9, 67, '540862', 'Rapotín'),
(4251, 3, 33, '547069', 'Rapšach'),
(4252, 5, 5, '574376', 'Rasošky'),
(4253, 8, 62, '564371', 'Raspenava'),
(4254, 5, 27, '549274', 'Rašín'),
(4255, 7, 38, '549665', 'Raškovice'),
(4256, 4, 25, '582255', 'Rašov'),
(4257, 2, 2, '534340', 'Rašovice'),
(4258, 4, 68, '593532', 'Rašovice'),
(4259, 2, 54, '530549', 'Rataje'),
(4260, 3, 31, '552976', 'Rataje'),
(4261, 12, 37, '588938', 'Rataje'),
(4262, 2, 2, '534358', 'Rataje nad Sázavou'),
(4263, 2, 36, '533653', 'Ratbor'),
(4264, 2, 36, '537748', 'Ratenice'),
(4265, 3, 33, '507784', 'Ratibor'),
(4266, 12, 70, '544787', 'Ratibor'),
(4267, 3, 31, '552992', 'Ratiborské Hory'),
(4268, 4, 14, '586510', 'Ratíškovice'),
(4269, 2, 54, '532550', 'Ratmerice'),
(4270, 7, 13, '597724', 'Razová'),
(4271, 3, 9, '549827', 'Ražice'),
(4272, 4, 25, '583774', 'Rebešovice'),
(4273, 9, 67, '553395', 'Rejchartice'),
(4274, 13, 46, '557021', 'Rejštejn'),
(4275, 4, 34, '594725', 'Rešice'),
(4276, 2, 69, '571318', 'Roblín'),
(4277, 11, 65, '566667', 'Rocov'),
(4278, 10, 15, '561789', 'Rodinov'),
(4279, 10, 30, '587737', 'Rodkov'),
(4280, 3, 31, '560626', 'Rodná'),
(4281, 3, 33, '547085', 'Rodvínov'),
(4282, 4, 14, '586528', 'Rohatec'),
(4283, 2, 29, '565636', 'Rohatsko'),
(4284, 5, 8, '548669', 'Rohenice'),
(4285, 9, 67, '540871', 'Rohle'),
(4286, 7, 48, '568376', 'Rohov'),
(4287, 6, 35, '575551', 'Rohovládova Belá'),
(4288, 2, 2, '526622', 'Rohozec'),
(4289, 4, 25, '582263', 'Rohozec'),
(4290, 6, 32, '578673', 'Rohozná'),
(4291, 10, 16, '587796', 'Rohozná'),
(4292, 5, 27, '573221', 'Rohoznice'),
(4293, 6, 35, '575569', 'Rohoznice'),
(4294, 10, 23, '591602', 'Rohy'),
(4295, 13, 43, '559423', 'Rochlov'),
(4296, 11, 47, '565547', 'Rochov'),
(4297, 4, 25, '596582', 'Rojetín'),
(4298, 11, 63, '563331', 'Rokle'),
(4299, 13, 59, '559717', 'Rokycany'),
(4300, 2, 29, '529605', 'Rokytá'),
(4301, 5, 27, '548898', 'Rokytnany'),
(4302, 9, 52, '517607', 'Rokytnice'),
(4303, 12, 53, '556980', 'Rokytnice'),
(4304, 8, 49, '577456', 'Rokytnice nad Jizerou'),
(4305, 10, 23, '591611', 'Rokytnice nad Rokytnou'),
(4306, 5, 8, '576701', 'Rokytnice v Orlických horách'),
(4307, 6, 35, '575577', 'Rokytno'),
(4308, 2, 29, '571148', 'Rokytovec'),
(4309, 6, 58, '572161', 'Ronov nad Doubravou'),
(4310, 7, 38, '556971', 'Ropice'),
(4311, 8, 49, '577464', 'Roprachtice'),
(4312, 3, 33, '508004', 'Rosec'),
(4313, 6, 58, '572179', 'Rosice'),
(4314, 4, 25, '583782', 'Rosice'),
(4315, 10, 30, '549941', 'Rosicka'),
(4316, 3, 33, '560995', 'Rosicka'),
(4317, 2, 60, '541206', 'Rosovice'),
(4318, 4, 68, '554898', 'Rostenice-Zvonovice'),
(4319, 2, 36, '533661', 'Rostoklaty'),
(4320, 12, 37, '588946', 'Roštení'),
(4321, 12, 37, '588954', 'Roštín'),
(4322, 1, 72, '560600', 'Rotava'),
(4323, 4, 4, '513709', 'Roubanina'),
(4324, 3, 31, '553018', 'Roudná'),
(4325, 3, 3, '544973', 'Roudné'),
(4326, 5, 22, '570745', 'Roudnice'),
(4327, 11, 47, '565555', 'Roudnice nad Labem'),
(4328, 7, 13, '597741', 'Roudno'),
(4329, 10, 23, '591629', 'Rouchovany'),
(4330, 13, 66, '558290', 'Roupov'),
(4331, 4, 68, '593559', 'Rousínov'),
(4332, 9, 52, '517615', 'Rouské'),
(4333, 10, 30, '596604', 'Rousmerov'),
(4334, 10, 30, '596612', 'Rovecné'),
(4335, 9, 67, '540919', 'Rovensko'),
(4336, 8, 49, '577472', 'Rovensko pod Troskami'),
(4337, 3, 40, '536865', 'Rovná'),
(4338, 1, 72, '560618', 'Rovná'),
(4339, 10, 15, '561274', 'Rovná'),
(4340, 4, 25, '583791', 'Rozdrojovice'),
(4341, 6, 58, '547808', 'Rozhovice'),
(4342, 6, 32, '578681', 'Rozhraní'),
(4343, 4, 34, '594733', 'Rozkoš'),
(4344, 10, 16, '587800', 'Rozsec'),
(4345, 10, 30, '596639', 'Rozsec'),
(4346, 4, 4, '582271', 'Rozsec nad Kunštátem'),
(4347, 4, 4, '582280', 'Rozsícka'),
(4348, 10, 28, '569399', 'Rozsochatec'),
(4349, 10, 30, '596647', 'Rozsochy'),
(4350, 6, 32, '578690', 'Rozstání'),
(4351, 9, 12, '589977', 'Rozstání'),
(4352, 2, 69, '539627', 'Roztoky'),
(4353, 2, 44, '598526', 'Roztoky'),
(4354, 8, 49, '577499', 'Roztoky u Jilemnice'),
(4355, 8, 49, '577481', 'Roztoky u Semil'),
(4356, 13, 56, '561169', 'Rozvadov'),
(4357, 2, 57, '537756', 'Roždalovice'),
(4358, 3, 55, '545767', 'Rožmberk nad Vltavou'),
(4359, 3, 55, '545775', 'Rožmitál na Šumave'),
(4360, 2, 60, '541231', 'Rožmitál pod Tremšínem'),
(4361, 10, 30, '596655', 'Rožná'),
(4362, 5, 5, '574384', 'Rožnov'),
(4363, 12, 70, '544841', 'Rožnov pod Radhoštem'),
(4364, 2, 42, '531715', 'Rpety'),
(4365, 11, 64, '567809', 'Rtyne nad Bílinou'),
(4366, 5, 39, '579637', 'Rtyne v Podkrkonoší'),
(4367, 2, 44, '542326', 'Ruda'),
(4368, 10, 30, '596663', 'Ruda'),
(4369, 9, 67, '540978', 'Ruda nad Moravou'),
(4370, 4, 4, '582298', 'Rudice'),
(4371, 12, 24, '592552', 'Rudice'),
(4372, 10, 23, '591637', 'Rudíkov'),
(4373, 12, 53, '586919', 'Rudimov'),
(4374, 4, 25, '583804', 'Rudka'),
(4375, 4, 34, '594741', 'Rudlice'),
(4376, 2, 69, '531723', 'Rudná'),
(4377, 6, 32, '578703', 'Rudná'),
(4378, 7, 13, '551945', 'Rudná pod Pradedem'),
(4379, 5, 39, '579645', 'Rudník'),
(4380, 10, 30, '596671', 'Rudolec'),
(4381, 3, 3, '544981', 'Rudolfov'),
(4382, 6, 6, '580848', 'Rudoltice'),
(4383, 11, 17, '562777', 'Rumburk'),
(4384, 4, 68, '593567', 'Ruprechtov'),
(4385, 12, 37, '588962', 'Rusava'),
(4386, 7, 13, '597775', 'Rusín'),
(4387, 10, 28, '569402', 'Rušinov'),
(4388, 12, 70, '544850', 'Ruždka'),
(4389, 10, 16, '587818', 'Ružená'),
(4390, 11, 17, '566900', 'Ružová'),
(4391, 7, 11, '568554', 'Rybí'),
(4392, 6, 35, '575593', 'Rybitví'),
(4393, 5, 8, '576727', 'Rybná nad Zdobnicí'),
(4394, 10, 16, '587826', 'Rybné'),
(4395, 13, 43, '559431', 'Rybnice'),
(4396, 4, 68, '553972', 'Rybnícek'),
(4397, 10, 28, '569411', 'Rybnícek'),
(4398, 6, 6, '547905', 'Rybník'),
(4399, 13, 26, '554189', 'Rybník'),
(4400, 2, 60, '541257', 'Rybníky'),
(4401, 4, 34, '594750', 'Rybníky'),
(4402, 11, 17, '562793', 'Rybnište'),
(4403, 6, 32, '578711', 'Rychnov na Morave'),
(4404, 5, 8, '576069', 'Rychnov nad Knežnou'),
(4405, 8, 10, '563790', 'Rychnov u Jablonce nad Nisou'),
(4406, 5, 5, '574406', 'Rychnovek'),
(4407, 7, 7, '599107', 'Rychvald'),
(4408, 11, 75, '546186', 'Ryjice'),
(4409, 7, 13, '597783', 'Rýmarov'),
(4410, 12, 37, '588971', 'Rymice'),
(4411, 10, 15, '562009', 'Rynárec'),
(4412, 2, 44, '542334', 'Rynholec'),
(4413, 8, 62, '564397', 'Rynoltice'),
(4414, 7, 13, '597791', 'Ryžovište'),
(4415, 10, 16, '587834', 'Rásná'),
(4416, 6, 35, '575607', 'Recany nad Labem'),
(4417, 10, 15, '548715', 'Recice'),
(4418, 10, 30, '596680', 'Recice'),
(4419, 2, 54, '538710', 'Rehenice'),
(4420, 11, 75, '568201', 'Rehlovice'),
(4421, 7, 38, '552640', 'Reka'),
(4422, 3, 31, '560511', 'Remícov'),
(4423, 13, 66, '558303', 'Rence'),
(4424, 2, 2, '534366', 'Rendejov'),
(4425, 3, 31, '553034', 'Repec'),
(4426, 3, 40, '536849', 'Repice'),
(4427, 2, 73, '535168', 'Repín'),
(4428, 7, 38, '568830', 'Repište'),
(4429, 6, 6, '572209', 'Repníky'),
(4430, 2, 29, '536580', 'Repov'),
(4431, 2, 44, '565504', 'Rerichy'),
(4432, 6, 58, '572217', 'Restoky'),
(4433, 6, 6, '580872', 'Retová'),
(4434, 6, 6, '580881', 'Retuvka'),
(4435, 2, 69, '539643', 'Revnice'),
(4436, 2, 44, '542351', 'Revnicov'),
(4437, 4, 25, '583821', 'Rícmanice'),
(4438, 2, 20, '538728', 'Rícany'),
(4439, 4, 25, '583839', 'Rícany'),
(4440, 4, 25, '549789', 'Rícky'),
(4441, 5, 8, '576735', 'Rícky v Orlických horách'),
(4442, 9, 21, '554103', 'Rídec'),
(4443, 10, 16, '587851', 'Rídelov'),
(4444, 6, 32, '572233', 'Rídký'),
(4445, 4, 25, '596698', 'Rikonín'),
(4446, 5, 5, '530786', 'Ríkov'),
(4447, 9, 52, '517666', 'Ríkovice'),
(4448, 3, 3, '545007', 'Rímov'),
(4449, 10, 23, '591645', 'Rímov'),
(4450, 2, 54, '532941', 'Rimovice'),
(4451, 3, 31, '599115', 'Rípec'),
(4452, 2, 51, '532797', 'Risuty'),
(4453, 2, 69, '539651', 'Ritka'),
(4454, 2, 29, '565661', 'Ritonice'),
(4455, 2, 60, '541273', 'Sádek'),
(4456, 6, 32, '578720', 'Sádek'),
(4457, 1, 1, '555533', 'Sadov'),
(4458, 5, 22, '573191', 'Sadová'),
(4459, 2, 57, '537764', 'Sadská'),
(4460, 10, 15, '548731', 'Salacova Lhota'),
(4461, 12, 24, '592561', 'Salaš'),
(4462, 2, 2, '534374', 'Samopše'),
(4463, 9, 21, '547077', 'Samotišky'),
(4464, 10, 15, '548740', 'Samšín'),
(4465, 5, 27, '573442', 'Samšina'),
(4466, 2, 57, '537772', 'Sány'),
(4467, 2, 54, '534382', 'Sázava'),
(4468, 6, 6, '574392', 'Sázava'),
(4469, 10, 30, '596701', 'Sázava'),
(4470, 10, 28, '569429', 'Sázavka'),
(4471, 2, 51, '532801', 'Sazená'),
(4472, 10, 30, '588237', 'Sazomín'),
(4473, 12, 53, '585726', 'Sazovice'),
(4474, 5, 27, '573451', 'Sber'),
(4475, 13, 59, '560146', 'Sebecice'),
(4476, 6, 32, '578738', 'Sebranice'),
(4477, 4, 4, '582310', 'Sebranice'),
(4478, 13, 66, '558311', 'Sec'),
(4479, 6, 58, '572225', 'Sec'),
(4480, 6, 6, '580902', 'Sec'),
(4481, 10, 16, '587877', 'Sedlatice'),
(4482, 2, 60, '541281', 'Sedlcany'),
(4483, 10, 23, '511081', 'Sedlec'),
(4484, 2, 29, '529591', 'Sedlec'),
(4485, 13, 43, '530271', 'Sedlec'),
(4486, 3, 3, '545015', 'Sedlec'),
(4487, 11, 47, '546721', 'Sedlec'),
(4488, 4, 41, '584878', 'Sedlec'),
(4489, 2, 20, '598283', 'Sedlec'),
(4490, 2, 60, '530573', 'Sedlec-Prcice'),
(4491, 3, 31, '599263', 'Sedlecko u Sobeslave'),
(4492, 10, 16, '587885', 'Sedlejov'),
(4493, 10, 28, '548421', 'Sedletín'),
(4494, 10, 15, '548766', 'Sedlice'),
(4495, 3, 40, '551716', 'Sedlice'),
(4496, 2, 60, '564630', 'Sedlice'),
(4497, 13, 66, '540692', 'Sedlište'),
(4498, 5, 27, '548961', 'Sedlište'),
(4499, 6, 32, '578746', 'Sedlište'),
(4500, 7, 38, '598674', 'Sedlište'),
(4501, 7, 11, '599832', 'Sedlnice'),
(4502, 5, 8, '576743', 'Sedlonov'),
(4503, 12, 53, '585734', 'Sehradice'),
(4504, 10, 30, '596710', 'Sejrek'),
(4505, 5, 27, '572144', 'Sekerice'),
(4506, 2, 57, '534757', 'Seletice'),
(4507, 6, 35, '575615', 'Selmice'),
(4508, 9, 12, '506770', 'Seloutky'),
(4509, 6, 6, '555240', 'Semanín'),
(4510, 2, 29, '536610', 'Semcice'),
(4511, 5, 8, '576751', 'Semechnice'),
(4512, 2, 57, '537781', 'Semice'),
(4513, 8, 49, '576964', 'Semily'),
(4514, 6, 35, '575623', 'Semín'),
(4515, 13, 26, '554201', 'Semnevice'),
(4516, 2, 2, '530859', 'Semteš'),
(4517, 5, 5, '547727', 'Sendraž'),
(4518, 5, 22, '570796', 'Sendražice'),
(4519, 2, 44, '542369', 'Senec'),
(4520, 4, 4, '582328', 'Senetárov'),
(4521, 2, 57, '537799', 'Senice'),
(4522, 9, 21, '505081', 'Senice na Hané'),
(4523, 9, 21, '552267', 'Senicka'),
(4524, 12, 70, '544906', 'Seninka'),
(4525, 2, 20, '538752', 'Senohraby'),
(4526, 2, 44, '542377', 'Senomaty'),
(4527, 4, 25, '591661', 'Senorady'),
(4528, 10, 15, '548774', 'Senožaty'),
(4529, 4, 25, '583847', 'Sentice'),
(4530, 3, 9, '549843', 'Sepekov'),
(4531, 6, 35, '575640', 'Sezemice'),
(4532, 2, 29, '599573', 'Sezemice'),
(4533, 3, 31, '553069', 'Sezimovo Ústí'),
(4534, 2, 2, '531383', 'Schorov'),
(4535, 2, 20, '538761', 'Sibrina'),
(4536, 4, 25, '583855', 'Siluvky'),
(4537, 13, 59, '546488', 'Sirá'),
(4538, 10, 30, '596728', 'Sirákov'),
(4539, 11, 47, '565598', 'Sirejovice'),
(4540, 4, 25, '583863', 'Sivice'),
(4541, 3, 31, '553077', 'Skalice'),
(4542, 5, 22, '570800', 'Skalice'),
(4543, 4, 34, '594768', 'Skalice'),
(4544, 4, 4, '582336', 'Skalice nad Svitavou'),
(4545, 8, 61, '562025', 'Skalice u Ceské Lípy'),
(4546, 9, 52, '517747', 'Skalicka'),
(4547, 4, 25, '545295', 'Skalicka'),
(4548, 4, 14, '586536', 'Skalka'),
(4549, 9, 12, '589993', 'Skalka'),
(4550, 8, 61, '513890', 'Skalka u Doks'),
(4551, 1, 18, '554812', 'Skalná'),
(4552, 2, 29, '536636', 'Skalsko'),
(4553, 3, 9, '549851', 'Skály'),
(4554, 3, 40, '598909', 'Skály'),
(4555, 13, 56, '579467', 'Skapce'),
(4556, 13, 66, '539937', 'Skašov'),
(4557, 12, 37, '588989', 'Skaštice'),
(4558, 6, 32, '578754', 'Sklené'),
(4559, 10, 30, '596736', 'Sklené'),
(4560, 10, 30, '596744', 'Sklené nad Oslavou'),
(4561, 3, 40, '551741', 'Skocice'),
(4562, 13, 59, '566845', 'Skomelno'),
(4563, 3, 31, '553085', 'Skopytce'),
(4564, 10, 28, '548324', 'Skorkov'),
(4565, 2, 29, '557030', 'Skorkov'),
(4566, 4, 14, '586544', 'Skoronice'),
(4567, 9, 50, '553484', 'Skorošice'),
(4568, 10, 30, '596752', 'Skorotice'),
(4569, 6, 6, '580929', 'Skorenice'),
(4570, 13, 59, '506664', 'Skorice'),
(4571, 7, 11, '568716', 'Skotnice'),
(4572, 9, 21, '552151', 'Skrben'),
(4573, 4, 4, '582344', 'Skrchov'),
(4574, 11, 45, '567361', 'Skršín'),
(4575, 3, 31, '560669', 'Skrýchov u Malšic'),
(4576, 2, 44, '542385', 'Skryje'),
(4577, 4, 25, '549894', 'Skryje'),
(4578, 10, 28, '569461', 'Skryje'),
(4579, 10, 30, '596761', 'Skrinárov'),
(4580, 2, 42, '533963', 'Skripel'),
(4581, 7, 48, '510131', 'Skripov'),
(4582, 9, 12, '590002', 'Skrípov'),
(4583, 5, 22, '570834', 'Skrivany'),
(4584, 2, 42, '531740', 'Skuhrov'),
(4585, 8, 10, '563803', 'Skuhrov'),
(4586, 10, 28, '569470', 'Skuhrov'),
(4587, 5, 8, '576778', 'Skuhrov nad Belou'),
(4588, 6, 58, '572241', 'Skutec'),
(4589, 2, 36, '533696', 'Skvrnov'),
(4590, 2, 44, '542415', 'Slabce'),
(4591, 3, 9, '549860', 'Slabcice'),
(4592, 8, 49, '577529', 'Slaná'),
(4593, 3, 40, '536776', 'Slaník'),
(4594, 2, 51, '532819', 'Slaný'),
(4595, 3, 31, '599026', 'Slapsko'),
(4596, 2, 69, '539660', 'Slapy'),
(4597, 3, 31, '599042', 'Slapy'),
(4598, 2, 51, '532827', 'Slatina'),
(4599, 11, 47, '565601', 'Slatina'),
(4600, 13, 43, '566748', 'Slatina'),
(4601, 7, 11, '568406', 'Slatina'),
(4602, 13, 46, '578436', 'Slatina'),
(4603, 6, 32, '578762', 'Slatina'),
(4604, 6, 6, '580945', 'Slatina'),
(4605, 4, 34, '594776', 'Slatina'),
(4606, 5, 5, '574422', 'Slatina nad Úpou'),
(4607, 5, 8, '576786', 'Slatina nad Zdobnicí'),
(4608, 6, 58, '572268', 'Slatinany'),
(4609, 9, 21, '505111', 'Slatinice'),
(4610, 9, 12, '590011', 'Slatinky'),
(4611, 5, 27, '573469', 'Slatiny'),
(4612, 3, 3, '545023', 'Slavce'),
(4613, 10, 23, '591688', 'Slavetice'),
(4614, 10, 28, '548553', 'Slavetín'),
(4615, 9, 21, '552194', 'Slavetín'),
(4616, 11, 65, '566713', 'Slavetín'),
(4617, 5, 5, '574431', 'Slavetín nad Metují'),
(4618, 5, 27, '572187', 'Slavhostice'),
(4619, 12, 53, '585751', 'Slavicín'),
(4620, 10, 23, '591700', 'Slavicky'),
(4621, 10, 28, '569488', 'Slavíkov'),
(4622, 10, 23, '545180', 'Slavíkovice'),
(4623, 7, 48, '510289', 'Slavkov'),
(4624, 12, 24, '592579', 'Slavkov'),
(4625, 12, 37, '588997', 'Slavkov pod Hostýnem'),
(4626, 4, 68, '593583', 'Slavkov u Brna'),
(4627, 10, 28, '548341', 'Slavníc'),
(4628, 3, 33, '547166', 'Slavonice'),
(4629, 5, 5, '574457', 'Slavonov'),
(4630, 2, 2, '534391', 'Slavošov'),
(4631, 6, 35, '575658', 'Slepotice'),
(4632, 7, 13, '551881', 'Slezské Pavlovice'),
(4633, 7, 13, '597813', 'Slezské Rudoltice'),
(4634, 12, 53, '585769', 'Slopné'),
(4635, 4, 4, '582352', 'Sloup'),
(4636, 8, 61, '562050', 'Sloup v Cechách'),
(4637, 6, 32, '580325', 'Sloupnice'),
(4638, 10, 28, '548499', 'Sloupno'),
(4639, 5, 22, '570851', 'Sloupno'),
(4640, 2, 57, '537802', 'Slovec'),
(4641, 2, 54, '532231', 'Slovenice'),
(4642, 2, 20, '538779', 'Sluhy'),
(4643, 8, 61, '546275', 'Slunecná'),
(4644, 4, 34, '594784', 'Slup'),
(4645, 12, 53, '585777', 'Slušovice'),
(4646, 2, 20, '538787', 'Sluštice'),
(4647, 10, 28, '573604', 'Služátky'),
(4648, 7, 48, '510297', 'Služovice'),
(4649, 2, 51, '532835', 'Smecno'),
(4650, 13, 59, '540722', 'Smedcice'),
(4651, 3, 9, '549878', 'Smetanova Lhota'),
(4652, 5, 22, '570869', 'Smidary'),
(4653, 2, 54, '530611', 'Smilkov'),
(4654, 2, 29, '536652', 'Smilovice'),
(4655, 7, 38, '552658', 'Smilovice'),
(4656, 2, 44, '565407', 'Smilovice'),
(4657, 3, 31, '553123', 'Smilovy Hory'),
(4658, 5, 22, '570877', 'Smirice'),
(4659, 1, 1, '538027', 'Smolné Pece'),
(4660, 11, 65, '566721', 'Smolnice'),
(4661, 2, 60, '541311', 'Smolotely'),
(4662, 6, 58, '573817', 'Smrcek'),
(4663, 10, 16, '550299', 'Smrcná'),
(4664, 10, 23, '591726', 'Smrk'),
(4665, 9, 12, '590029', 'Smržice'),
(4666, 3, 33, '561045', 'Smržov'),
(4667, 5, 22, '570885', 'Smržov'),
(4668, 8, 10, '563811', 'Smržovka'),
(4669, 11, 47, '565610', 'Snedovice'),
(4670, 2, 54, '532436', 'Snet'),
(4671, 5, 8, '576794', 'Snežné'),
(4672, 10, 30, '596787', 'Snežné'),
(4673, 4, 68, '593591', 'Snovídky'),
(4674, 5, 27, '573477', 'Sobcice'),
(4675, 2, 54, '530638', 'Sobehrdy'),
(4676, 9, 52, '517844', 'Sobechleby'),
(4677, 13, 66, '558346', 'Sobekury'),
(4678, 3, 55, '545805', 'Sobenov'),
(4679, 5, 27, '573361', 'Soberaz'),
(4680, 3, 31, '553131', 'Sobeslav'),
(4681, 8, 62, '564401', 'Sobeslavice'),
(4682, 12, 37, '589004', 'Sobesuky'),
(4683, 13, 46, '557099', 'Sobešice'),
(4684, 2, 2, '534293', 'Sobešín'),
(4685, 7, 38, '568791', 'Sobešovice'),
(4686, 6, 58, '572276', 'Sobetuchy'),
(4687, 10, 28, '569518', 'Sobínov'),
(4688, 9, 52, '517836', 'Sobíšky'),
(4689, 6, 6, '547964', 'Sobkovice'),
(4690, 9, 67, '540986', 'Sobotín'),
(4691, 5, 27, '573493', 'Sobotka'),
(4692, 4, 25, '583880', 'Sobotovice'),
(4693, 4, 14, '586552', 'Sobulky'),
(4694, 2, 29, '536661', 'Sojovice'),
(4695, 2, 57, '537811', 'Sokolec'),
(4696, 4, 25, '583898', 'Sokolnice'),
(4697, 1, 72, '560286', 'Sokolov'),
(4698, 2, 60, '541320', 'Solenice'),
(4699, 5, 8, '576808', 'Solnice'),
(4700, 6, 6, '580961', 'Sopotnice'),
(4701, 6, 35, '575666', 'Soprec'),
(4702, 8, 61, '562076', 'Sosnová'),
(4703, 7, 48, '597821', 'Sosnová'),
(4704, 2, 2, '531065', 'Sounov'),
(4705, 3, 40, '551759', 'Sousedovice'),
(4706, 2, 54, '599387', 'Soutice'),
(4707, 5, 22, '570907', 'Sovetice'),
(4708, 2, 29, '565539', 'Sovínky'),
(4709, 6, 35, '573027', 'Sovolusky'),
(4710, 13, 66, '558362', 'Spálené Porící'),
(4711, 7, 11, '599867', 'Spálov'),
(4712, 13, 26, '554251', 'Spánov'),
(4713, 10, 30, '596795', 'Spelkov'),
(4714, 4, 4, '556963', 'Spešov'),
(4715, 6, 35, '574198', 'Spojil'),
(4716, 2, 73, '535192', 'Spomyšl'),
(4717, 11, 63, '563340', 'Sporice'),
(4718, 12, 53, '585793', 'Spytihnev'),
(4719, 9, 12, '590045', 'Srbce'),
(4720, 2, 44, '542431', 'Srbec'),
(4721, 13, 26, '554260', 'Srbice'),
(4722, 11, 64, '567833', 'Srbice'),
(4723, 11, 17, '546348', 'Srbská Kamenice'),
(4724, 2, 42, '531758', 'Srbsko'),
(4725, 13, 66, '540676', 'Srby'),
(4726, 13, 26, '554278', 'Srby'),
(4727, 6, 35, '575682', 'Srch'),
(4728, 13, 46, '557111', 'Srní'),
(4729, 3, 55, '536245', 'Srnín'),
(4730, 6, 35, '553719', 'Srnojedy'),
(4731, 3, 3, '545066', 'Srubec'),
(4732, 6, 6, '580970', 'Sruby'),
(4733, 3, 31, '553140', 'Stádlec'),
(4734, 3, 19, '550515', 'Stachy'),
(4735, 10, 16, '587915', 'Stáj'),
(4736, 4, 34, '594792', 'Stálky'),
(4737, 13, 26, '554294', 'Stankov'),
(4738, 3, 33, '562378', 'Stankov'),
(4739, 2, 2, '534412', 'Stankovice'),
(4740, 11, 65, '543128', 'Stankovice'),
(4741, 11, 47, '546828', 'Stankovice'),
(4742, 5, 39, '548812', 'Stanovice'),
(4743, 1, 1, '555550', 'Stanovice'),
(4744, 4, 25, '583901', 'Stanovište'),
(4745, 9, 50, '541036', 'Stará Cervená Voda'),
(4746, 2, 60, '541338', 'Stará Hut'),
(4747, 2, 57, '537837', 'Stará Lysá'),
(4748, 5, 27, '573507', 'Stará Paka'),
(4749, 10, 16, '587923', 'Stará Ríše'),
(4750, 9, 52, '517887', 'Stará Ves'),
(4751, 7, 13, '551911', 'Stará Ves'),
(4752, 7, 74, '598739', 'Stará Ves nad Ondrejnicí'),
(4753, 1, 18, '539112', 'Stará Voda'),
(4754, 5, 22, '570915', 'Stará Voda'),
(4755, 10, 15, '561843', 'Staré Bríšte'),
(4756, 5, 39, '579661', 'Staré Buky'),
(4757, 7, 38, '598747', 'Staré Hamry'),
(4758, 7, 13, '551813', 'Staré Herminovy'),
(4759, 3, 33, '547204', 'Staré Hobzí'),
(4760, 3, 3, '545074', 'Staré Hodejovice'),
(4761, 6, 35, '575704', 'Staré Hradište'),
(4762, 5, 27, '530735', 'Staré Hrady'),
(4763, 12, 24, '592587', 'Staré Hute'),
(4764, 6, 35, '575712', 'Staré Jesencany'),
(4765, 11, 17, '562823', 'Staré Krecany'),
(4766, 9, 67, '541079', 'Staré Mesto'),
(4767, 12, 24, '550752', 'Staré Mesto'),
(4768, 7, 13, '551767', 'Staré Mesto'),
(4769, 7, 38, '552551', 'Staré Mesto'),
(4770, 6, 32, '578789', 'Staré Mesto'),
(4771, 3, 33, '547212', 'Staré Mesto pod Landštejnem'),
(4772, 5, 27, '549096', 'Staré Místo'),
(4773, 13, 56, '561185', 'Staré Sedlište'),
(4774, 1, 72, '560642', 'Staré Sedlo'),
(4775, 13, 56, '561193', 'Staré Sedlo'),
(4776, 5, 27, '573523', 'Staré Smrkovice'),
(4777, 7, 48, '568198', 'Staré Techanovice'),
(4778, 6, 35, '575721', 'Staré Ždánice'),
(4779, 2, 2, '530875', 'Starkoc'),
(4780, 5, 5, '574465', 'Stárkov'),
(4781, 2, 60, '564583', 'Starosedlský Hrádek'),
(4782, 4, 41, '584894', 'Starovice'),
(4783, 4, 41, '584908', 'Starovicky'),
(4784, 5, 22, '573132', 'Starý Bydžov'),
(4785, 12, 24, '592609', 'Starý Hrozenkov'),
(4786, 7, 11, '599905', 'Starý Jicín'),
(4787, 2, 36, '533700', 'Starý Kolín'),
(4788, 6, 35, '575739', 'Starý Materov'),
(4789, 4, 34, '594806', 'Starý Petrín'),
(4790, 13, 76, '558371', 'Starý Plzenec'),
(4791, 4, 14, '586561', 'Starý Poddvorov'),
(4792, 11, 17, '545538', 'Starý Šachov'),
(4793, 2, 57, '534889', 'Starý Vestec'),
(4794, 10, 23, '591742', 'Starec'),
(4795, 9, 12, '590053', 'Starechovice'),
(4796, 7, 38, '552569', 'Staríc'),
(4797, 2, 42, '531766', 'Stašov'),
(4798, 6, 32, '578801', 'Stašov'),
(4799, 2, 69, '539686', 'Statenice'),
(4800, 9, 67, '570281', 'Stavenice'),
(4801, 4, 14, '586579', 'Stavešice'),
(4802, 6, 35, '572934', 'Stéblová'),
(4803, 11, 75, '546925', 'Stebno'),
(4804, 7, 48, '510343', 'Steborice'),
(4805, 2, 51, '532851', 'Stehelceves'),
(4806, 3, 9, '529885', 'Stehlovice'),
(4807, 5, 22, '570931', 'Stežery'),
(4808, 9, 12, '590061', 'Stínava'),
(4809, 13, 66, '558389', 'Stod'),
(4810, 2, 51, '532860', 'Stochov'),
(4811, 10, 15, '561452', 'Stojcín'),
(4812, 6, 35, '575755', 'Stojice'),
(4813, 6, 58, '547891', 'Stolany'),
(4814, 10, 16, '587931', 'Stonarov'),
(4815, 7, 7, '599140', 'Stonava'),
(4816, 4, 34, '594814', 'Stošíkovice na Louce'),
(4817, 3, 19, '550523', 'Stožec'),
(4818, 3, 40, '530034', 'Stožice'),
(4819, 5, 22, '570958', 'Stracov'),
(4820, 2, 51, '599441', 'Stradonice'),
(4821, 6, 6, '572306', 'Stradoun'),
(4822, 7, 48, '512869', 'Strahovice'),
(4823, 10, 16, '587940', 'Strachonovice'),
(4824, 4, 34, '594822', 'Strachotice'),
(4825, 4, 41, '584916', 'Strachotín'),
(4826, 10, 30, '596809', 'Strachujov'),
(4827, 3, 40, '550787', 'Strakonice'),
(4828, 6, 32, '578819', 'Strakov'),
(4829, 2, 57, '537853', 'Straky'),
(4830, 2, 20, '538809', 'Strancice'),
(4831, 10, 30, '596817', 'Stránecká Zhor'),
(4832, 12, 24, '592617', 'Strání'),
(4833, 2, 73, '531731', 'Stránka'),
(4834, 2, 54, '599379', 'Stranný'),
(4835, 3, 40, '551775', 'Strašice'),
(4836, 13, 59, '560162', 'Strašice'),
(4837, 13, 46, '557129', 'Strašín'),
(4838, 11, 47, '565679', 'Straškov-Vodochody'),
(4839, 2, 29, '536709', 'Strašnov'),
(4840, 6, 35, '575763', 'Strašov'),
(4841, 2, 57, '537861', 'Stratov'),
(4842, 13, 26, '554316', 'Stráž'),
(4843, 13, 56, '561207', 'Stráž'),
(4844, 3, 33, '547221', 'Stráž nad Nežárkou'),
(4845, 8, 62, '544477', 'Stráž nad Nisou'),
(4846, 1, 1, '555584', 'Stráž nad Ohrí'),
(4847, 8, 61, '562092', 'Stráž pod Ralskem'),
(4848, 10, 30, '596825', 'Strážek'),
(4849, 9, 12, '590070', 'Stražisko'),
(4850, 2, 29, '571881', 'Strážište'),
(4851, 3, 3, '545082', 'Strážkovice'),
(4852, 6, 6, '580988', 'Strážná'),
(4853, 5, 39, '579696', 'Strážné'),
(4854, 4, 14, '586587', 'Strážnice'),
(4855, 3, 19, '550531', 'Strážný'),
(4856, 13, 46, '557137', 'Strážov'),
(4857, 4, 14, '586595', 'Strážovice'),
(4858, 2, 29, '536717', 'Strenice'),
(4859, 4, 25, '582379', 'Strhare'),
(4860, 3, 33, '547239', 'Strmilov'),
(4861, 2, 54, '599361', 'Strojetice'),
(4862, 10, 23, '587460', 'Stropešín'),
(4863, 2, 54, '530689', 'Struharov'),
(4864, 2, 20, '538825', 'Struharov'),
(4865, 9, 21, '569054', 'Strukov'),
(4866, 3, 19, '550540', 'Strunkovice nad Blanicí'),
(4867, 3, 40, '536784', 'Strunkovice nad Volynkou'),
(4868, 11, 63, '563358', 'Strupcice'),
(4869, 8, 49, '577545', 'Stružinec'),
(4870, 1, 1, '555592', 'Stružná'),
(4871, 8, 61, '562106', 'Stružnice'),
(4872, 3, 3, '536032', 'Strýcice'),
(4873, 2, 69, '539708', 'Stredokluky'),
(4874, 13, 66, '540056', 'Strelice'),
(4875, 4, 25, '583910', 'Strelice'),
(4876, 4, 34, '594831', 'Strelice'),
(4877, 12, 70, '544914', 'Strelná'),
(4878, 3, 40, '551791', 'Strelské Hoštice'),
(4879, 6, 58, '572314', 'Stremošice'),
(4880, 2, 73, '535214', 'Stremy'),
(4881, 9, 21, '547018', 'Stren'),
(4882, 5, 27, '573540', 'Strevac'),
(4883, 5, 22, '570966', 'Strezetice'),
(4884, 2, 54, '530701', 'Strezimír'),
(4885, 1, 72, '560651', 'Stríbrná'),
(4886, 2, 20, '533718', 'Stríbrná Skalice'),
(4887, 10, 28, '569534', 'Stríbrné Hory'),
(4888, 9, 52, '552887', 'Stríbrnice'),
(4889, 12, 24, '592625', 'Stríbrnice'),
(4890, 13, 56, '561215', 'Stríbro'),
(4891, 3, 33, '547247', 'Stríbrec'),
(4892, 12, 37, '589039', 'Strílky'),
(4893, 10, 15, '537594', 'Strítež'),
(4894, 10, 30, '549886', 'Strítež'),
(4895, 3, 55, '551538', 'Strítež'),
(4896, 7, 38, '552674', 'Strítež'),
(4897, 10, 23, '554871', 'Strítež'),
(4898, 10, 16, '587958', 'Strítež'),
(4899, 12, 70, '544922', 'Strítež nad Becvou'),
(4900, 9, 52, '517909', 'Strítež nad Ludinou'),
(4901, 10, 15, '561487', 'Strítež pod Kremešníkem'),
(4902, 3, 3, '545091', 'Strížov'),
(4903, 3, 33, '508152', 'Strížovice'),
(4904, 13, 66, '558401', 'Strížovice'),
(4905, 12, 37, '589047', 'Strížovice'),
(4906, 13, 56, '561223', 'Studánka'),
(4907, 3, 33, '547263', 'Studená'),
(4908, 13, 43, '553603', 'Studená'),
(4909, 6, 6, '580996', 'Studené'),
(4910, 8, 49, '577553', 'Studenec'),
(4911, 10, 23, '591769', 'Studenec'),
(4912, 2, 51, '551457', 'Studeneves'),
(4913, 7, 11, '599921', 'Studénka'),
(4914, 2, 54, '530719', 'Studený'),
(4915, 6, 58, '572322', 'Studnice'),
(4916, 5, 5, '574481', 'Studnice'),
(4917, 10, 23, '591777', 'Studnice'),
(4918, 4, 68, '593605', 'Studnice'),
(4919, 12, 24, '592633', 'Stupava'),
(4920, 8, 61, '562114', 'Stvolínky'),
(4921, 4, 4, '582620', 'Stvolová'),
(4922, 2, 2, '531391', 'Sudejov'),
(4923, 7, 48, '510378', 'Sudice'),
(4924, 4, 4, '582395', 'Sudice'),
(4925, 10, 23, '591785', 'Sudice'),
(4926, 6, 6, '581003', 'Sudislav nad Orlicí'),
(4927, 9, 67, '541109', 'Sudkov'),
(4928, 2, 29, '565920', 'Sudomer'),
(4929, 4, 14, '586609', 'Sudomerice'),
(4930, 3, 31, '553166', 'Sudomerice u Bechyne'),
(4931, 3, 31, '553174', 'Sudomerice u Tábora'),
(4932, 2, 20, '571954', 'Sudovo Hlavno'),
(4933, 6, 6, '581011', 'Sudslava'),
(4934, 10, 16, '587982', 'Suchá'),
(4935, 6, 32, '578835', 'Suchá Lhota'),
(4936, 12, 24, '592641', 'Suchá Loz'),
(4937, 2, 2, '534439', 'Suchdol'),
(4938, 9, 12, '590088', 'Suchdol'),
(4939, 3, 33, '547280', 'Suchdol nad Lužnicí'),
(4940, 7, 11, '599930', 'Suchdol nad Odrou'),
(4941, 2, 60, '541371', 'Suchodol'),
(4942, 4, 34, '555231', 'Suchohrdly'),
(4943, 4, 34, '594849', 'Suchohrdly u Miroslavi'),
(4944, 2, 42, '531782', 'Suchomasty'),
(4945, 9, 21, '569771', 'Suchonice'),
(4946, 4, 14, '586617', 'Suchov'),
(4947, 5, 39, '579726', 'Suchovršice'),
(4948, 4, 4, '582409', 'Suchý'),
(4949, 5, 5, '574490', 'Suchý Dul'),
(4950, 2, 29, '536768', 'Sukorady'),
(4951, 5, 27, '548880', 'Sukorady'),
(4952, 11, 47, '565695', 'Sulejovice'),
(4953, 2, 20, '538833', 'Sulice'),
(4954, 4, 4, '582417', 'Sulíkov'),
(4955, 12, 37, '589055', 'Sulimov'),
(4956, 13, 56, '561231', 'Sulislav'),
(4957, 10, 30, '596833', 'Sulkovec'),
(4958, 9, 50, '541117', 'Supíkovice'),
(4959, 9, 52, '518026', 'Sušice'),
(4960, 13, 46, '557153', 'Sušice'),
(4961, 12, 24, '592650', 'Sušice'),
(4962, 12, 24, '592668', 'Svárov'),
(4963, 2, 51, '599433', 'Svárov'),
(4964, 2, 42, '531791', 'Svatá'),
(4965, 3, 19, '550558', 'Svatá Marí'),
(4966, 1, 72, '538434', 'Svatava'),
(4967, 2, 60, '541389', 'Svaté Pole'),
(4968, 4, 14, '586625', 'Svatoborice-Mistrín'),
(4969, 5, 27, '573302', 'Svatojanský Újezd'),
(4970, 7, 48, '547131', 'Svatonovice'),
(4971, 4, 25, '583928', 'Svatoslav'),
(4972, 10, 23, '591793', 'Svatoslav'),
(4973, 2, 60, '541397', 'Svatý Jan'),
(4974, 3, 3, '545104', 'Svatý Jan nad Malší'),
(4975, 2, 42, '531804', 'Svatý Jan pod Skalou'),
(4976, 6, 6, '580708', 'Svatý Jirí'),
(4977, 2, 2, '534196', 'Svatý Mikuláš'),
(4978, 9, 67, '541125', 'Svébohov'),
(4979, 2, 20, '598305', 'Svémyslice'),
(4980, 10, 15, '598763', 'Svépravice'),
(4981, 13, 46, '557161', 'Svéradice'),
(4982, 9, 21, '552429', 'Svésedlice'),
(4983, 3, 33, '561029', 'Svetce'),
(4984, 11, 64, '567841', 'Svetec'),
(4985, 5, 22, '548154', 'Svetí'),
(4986, 2, 20, '538841', 'Svetice'),
(4987, 4, 4, '586064', 'Svetlá'),
(4988, 7, 13, '597872', 'Svetlá Hora'),
(4989, 10, 28, '569569', 'Svetlá nad Sázavou'),
(4990, 8, 62, '564427', 'Svetlá pod Ještedem'),
(4991, 3, 55, '545813', 'Svetlík'),
(4992, 10, 30, '596841', 'Svetnov'),
(4993, 7, 38, '569631', 'Sviadnov'),
(4994, 5, 8, '548693', 'Svídnice'),
(4995, 6, 58, '572331', 'Svídnice'),
(4996, 8, 62, '564435', 'Svijanský Újezd'),
(4997, 8, 62, '564443', 'Svijany'),
(4998, 2, 42, '531812', 'Svinare'),
(4999, 2, 51, '532908', 'Svinarov'),
(5000, 6, 35, '575771', 'Svincany'),
(5001, 4, 4, '582433', 'Svinošice'),
(5002, 3, 31, '553182', 'Sviny'),
(5003, 10, 30, '596850', 'Sviny'),
(5004, 4, 4, '582441', 'Svitávka'),
(5005, 6, 32, '577731', 'Svitavy'),
(5006, 5, 39, '579734', 'Svoboda nad Úpou'),
(5007, 7, 13, '597881', 'Svobodné Hermanice'),
(5008, 6, 32, '578843', 'Svojanov'),
(5009, 8, 49, '577561', 'Svojek'),
(5010, 2, 20, '538850', 'Svojetice'),
(5011, 2, 44, '542458', 'Svojetín'),
(5012, 8, 61, '546283', 'Svojkov'),
(5013, 13, 59, '541176', 'Svojkovice'),
(5014, 10, 16, '587991', 'Svojkovice'),
(5015, 2, 36, '533726', 'Svojšice'),
(5016, 2, 60, '564273', 'Svojšice'),
(5017, 6, 35, '575780', 'Svojšice'),
(5018, 13, 56, '561258', 'Svojšín'),
(5019, 8, 61, '562131', 'Svor'),
(5020, 3, 31, '563170', 'Svrabov'),
(5021, 10, 30, '596868', 'Svratka'),
(5022, 6, 58, '572349', 'Svratouch'),
(5023, 2, 69, '571342', 'Svrkyne'),
(5024, 8, 62, '564451', 'Sychrov'),
(5025, 2, 44, '542466', 'Sýkorice'),
(5026, 4, 25, '582450', 'Synalov'),
(5027, 5, 8, '576816', 'Synkov-Slemeno'),
(5028, 10, 15, '598771', 'Syrov'),
(5029, 5, 22, '571008', 'Syrovátka'),
(5030, 4, 25, '583936', 'Syrovice'),
(5031, 4, 14, '586633', 'Syrovín'),
(5032, 8, 49, '577570', 'Syrenov'),
(5033, 13, 56, '557081', 'Sytno'),
(5034, 1, 72, '538396', 'Šabina'),
(5035, 4, 34, '594865', 'Šafov'),
(5036, 4, 41, '584924', 'Šakvice'),
(5037, 2, 44, '542474', 'Šanov'),
(5038, 12, 53, '585807', 'Šanov'),
(5039, 4, 34, '594873', 'Šanov'),
(5040, 5, 22, '571016', 'Šaplava'),
(5041, 4, 68, '593613', 'Šaratice'),
(5042, 4, 14, '586641', 'Šardice'),
(5043, 5, 27, '573256', 'Šárovcova Lhota'),
(5044, 12, 53, '585815', 'Šarovy'),
(5045, 4, 34, '594881', 'Šatov'),
(5046, 2, 2, '531421', 'Šebestenice'),
(5047, 4, 4, '582468', 'Šebetov'),
(5048, 3, 31, '553204', 'Šebírov'),
(5049, 10, 23, '591807', 'Šebkovice'),
(5050, 4, 4, '582476', 'Šebrov-Katerina'),
(5051, 6, 6, '581038', 'Šedivec'),
(5052, 12, 37, '557188', 'Šelešovice'),
(5053, 1, 1, '555614', 'Šemnice'),
(5054, 7, 74, '598798', 'Šenov'),
(5055, 7, 11, '554171', 'Šenov u Nového Jicína'),
(5056, 4, 25, '583944', 'Šerkovice'),
(5057, 2, 20, '538876', 'Šestajovice'),
(5058, 5, 5, '547654', 'Šestajovice'),
(5059, 2, 54, '532509', 'Šetejovice'),
(5060, 3, 3, '545121', 'Ševetín'),
(5061, 7, 48, '510432', 'Šilherovice'),
(5062, 10, 16, '588008', 'Šimanov'),
(5063, 8, 62, '564460', 'Šimonovice'),
(5064, 1, 72, '560677', 'Šindelová'),
(5065, 2, 44, '598496', 'Šípy'),
(5066, 7, 13, '597899', 'Široká Niva'),
(5067, 6, 32, '578851', 'Široký Dul'),
(5068, 9, 52, '552950', 'Šišma'),
(5069, 4, 41, '584932', 'Šitborice'),
(5070, 10, 30, '596876', 'Škrdlovice'),
(5071, 2, 20, '538884', 'Škvorec'),
(5072, 3, 40, '551830', 'Škvoretice'),
(5073, 2, 51, '532916', 'Šlapanice'),
(5074, 4, 25, '583952', 'Šlapanice'),
(5075, 10, 28, '569585', 'Šlapanov'),
(5076, 9, 67, '570117', 'Šléglov'),
(5077, 11, 17, '562858', 'Šluknov'),
(5078, 5, 5, '574511', 'Šonov'),
(5079, 4, 4, '582484', 'Šošuvka'),
(5080, 9, 52, '570061', 'Špicky'),
(5081, 5, 39, '579742', 'Špindleruv Mlýn'),
(5082, 7, 48, '568333', 'Štáblovice'),
(5083, 13, 76, '558427', 'Štáhlavy'),
(5084, 9, 21, '552011', 'Štarnov'),
(5085, 1, 1, '555622', 'Štedrá'),
(5086, 4, 4, '582492', 'Štechov'),
(5087, 3, 40, '536920', 'Štechovice'),
(5088, 2, 69, '539732', 'Štechovice'),
(5089, 3, 40, '551856', 'Šteken'),
(5090, 10, 23, '591815', 'Štemechy'),
(5091, 13, 66, '558435', 'Štenovice'),
(5092, 13, 76, '539741', 'Štenovický Borek'),
(5093, 7, 48, '510483', 'Štepánkovice'),
(5094, 9, 21, '505161', 'Štepánov'),
(5095, 10, 30, '596884', 'Štepánov nad Svratkou'),
(5096, 3, 3, '545139', 'Štepánovice'),
(5097, 4, 25, '583961', 'Štepánovice'),
(5098, 10, 23, '591823', 'Štepkov'),
(5099, 9, 21, '505188', 'Šternberk'),
(5100, 11, 47, '565709', 'Štetí'),
(5101, 2, 60, '541419', 'Štetkovice'),
(5102, 2, 20, '571644', 'Štíhlice'),
(5103, 13, 26, '566101', 'Štichov'),
(5104, 13, 43, '578797', 'Štichovice'),
(5105, 2, 2, '530930', 'Štipoklasy'),
(5106, 4, 34, '594890', 'Štítary'),
(5107, 7, 48, '510491', 'Štítina'),
(5108, 12, 53, '585831', 'Štítná nad Vlárí-Popov'),
(5109, 13, 59, '579343', 'Štítov'),
(5110, 9, 67, '541168', 'Štíty'),
(5111, 10, 28, '569593', 'Štoky'),
(5112, 7, 11, '599948', 'Štramberk'),
(5113, 12, 70, '544931', 'Študlov'),
(5114, 6, 32, '578860', 'Študlov'),
(5115, 9, 12, '590096', 'Šubírov'),
(5116, 3, 19, '550574', 'Šumavské Hoštice'),
(5117, 12, 24, '592676', 'Šumice'),
(5118, 4, 25, '594903', 'Šumice'),
(5119, 4, 34, '594911', 'Šumná'),
(5120, 9, 67, '523704', 'Šumperk'),
(5121, 9, 21, '505218', 'Šumvald'),
(5122, 4, 68, '593621', 'Švábenice'),
(5123, 10, 16, '547255', 'Švábov'),
(5124, 13, 46, '557200', 'Švihov'),
(5125, 2, 44, '565326', 'Švihov'),
(5126, 3, 31, '552046', 'Tábor'),
(5127, 2, 69, '531821', 'Tachlovice'),
(5128, 8, 61, '553638', 'Tachov'),
(5129, 13, 56, '560715', 'Tachov'),
(5130, 3, 9, '549932', 'Tálín'),
(5131, 8, 10, '563820', 'Tanvald'),
(5132, 4, 14, '586650', 'Tasov'),
(5133, 10, 30, '591831', 'Tasov'),
(5134, 4, 4, '582506', 'Tasovice'),
(5135, 4, 34, '594920', 'Tasovice'),
(5136, 11, 75, '568287', 'Tašov'),
(5137, 2, 36, '537888', 'Tatce'),
(5138, 6, 6, '581046', 'Tatenice'),
(5139, 13, 43, '578983', 'Tatiná'),
(5140, 8, 49, '577596', 'Tatobity'),
(5141, 1, 72, '538663', 'Tatrovice'),
(5142, 4, 34, '594938', 'Tavíkovice'),
(5143, 12, 53, '549649', 'Tecovice'),
(5144, 2, 54, '530751', 'Tehov'),
(5145, 2, 20, '538892', 'Tehov'),
(5146, 2, 20, '599719', 'Tehovec'),
(5147, 2, 60, '529664', 'Techarovice'),
(5148, 11, 17, '555193', 'Techlovice'),
(5149, 5, 22, '571024', 'Techlovice'),
(5150, 10, 15, '561355', 'Techobuz'),
(5151, 6, 6, '581054', 'Techonín'),
(5152, 10, 16, '588024', 'Telc'),
(5153, 6, 32, '578878', 'Telecí'),
(5154, 11, 75, '568295', 'Telnice'),
(5155, 4, 25, '583979', 'Telnice'),
(5156, 3, 3, '545155', 'Temelín'),
(5157, 3, 9, '562271', 'Temešvár'),
(5158, 10, 15, '548936', 'Temice'),
(5159, 4, 14, '586668', 'Temice'),
(5160, 13, 59, '560189', 'Tene'),
(5161, 1, 18, '555631', 'Teplá'),
(5162, 11, 64, '567442', 'Teplice'),
(5163, 9, 52, '519031', 'Teplice nad Becvou'),
(5164, 5, 5, '574538', 'Teplice nad Metují'),
(5165, 1, 1, '537845', 'Teplicka'),
(5166, 2, 54, '530760', 'Teplýšovice'),
(5167, 13, 59, '566802', 'Terešov'),
(5168, 11, 47, '565717', 'Terezín'),
(5169, 4, 14, '586676', 'Terezín'),
(5170, 7, 7, '599158', 'Terlicko'),
(5171, 4, 25, '583995', 'Tešany'),
(5172, 9, 21, '505269', 'Tešetice'),
(5173, 4, 34, '594946', 'Tešetice'),
(5174, 13, 59, '546526', 'Teškov'),
(5175, 7, 48, '512745', 'Teškovice'),
(5176, 3, 19, '550582', 'Tešovice'),
(5177, 1, 72, '579360', 'Tešovice'),
(5178, 4, 25, '583987', 'Tetcice'),
(5179, 2, 42, '531839', 'Tetín'),
(5180, 5, 27, '572756', 'Tetín'),
(5181, 6, 35, '575810', 'Tetov'),
(5182, 3, 40, '536598', 'Tchorovice'),
(5183, 7, 11, '599956', 'Tichá'),
(5184, 2, 54, '530778', 'Tichonice'),
(5185, 12, 53, '535184', 'Tichov'),
(5186, 10, 28, '569615', 'Tis'),
(5187, 13, 43, '559482', 'Tis u Blatna'),
(5188, 11, 75, '568309', 'Tisá'),
(5189, 7, 11, '599964', 'Tísek'),
(5190, 2, 54, '532592', 'Tisem'),
(5191, 2, 36, '533734', 'Tismice'),
(5192, 13, 56, '541621', 'Tisová'),
(5193, 6, 6, '581062', 'Tisová'),
(5194, 6, 58, '572381', 'Tisovec'),
(5195, 2, 73, '535222', 'Tišice'),
(5196, 4, 25, '584002', 'Tišnov'),
(5197, 4, 25, '596892', 'Tišnovská Nová Ves'),
(5198, 9, 12, '590100', 'Tištín'),
(5199, 13, 43, '559491', 'Tlucná'),
(5200, 13, 26, '554341', 'Tlumacov'),
(5201, 12, 53, '585858', 'Tlumacov'),
(5202, 2, 42, '531847', 'Tlustice'),
(5203, 2, 42, '531855', 'Tman'),
(5204, 2, 42, '534463', 'Tocník'),
(5205, 2, 60, '541427', 'Tochovice'),
(5206, 13, 66, '578614', 'Tojice'),
(5207, 2, 54, '532541', 'Tomice'),
(5208, 4, 68, '593630', 'Topolany'),
(5209, 12, 24, '592692', 'Topolná'),
(5210, 2, 36, '533742', 'Toušice'),
(5211, 11, 65, '566829', 'Toužetín'),
(5212, 1, 1, '555657', 'Toužim'),
(5213, 9, 52, '519146', 'Tovacov'),
(5214, 9, 21, '552089', 'Tovér'),
(5215, 12, 24, '592706', 'Traplice'),
(5216, 11, 47, '565741', 'Travcice'),
(5217, 4, 25, '584011', 'Trboušany'),
(5218, 13, 26, '554359', 'Trhanov'),
(5219, 6, 58, '572390', 'Trhová Kamenice'),
(5220, 2, 60, '598429', 'Trhové Dušníky'),
(5221, 3, 3, '545171', 'Trhové Sviny'),
(5222, 2, 54, '530816', 'Trhový Štepánov'),
(5223, 11, 75, '553697', 'Trmice'),
(5224, 12, 53, '585866', 'Trnava'),
(5225, 10, 23, '591840', 'Trnava'),
(5226, 6, 35, '530794', 'Trnávka'),
(5227, 7, 11, '569755', 'Trnávka'),
(5228, 5, 8, '576824', 'Trnov'),
(5229, 13, 43, '559504', 'Trnová'),
(5230, 2, 69, '598313', 'Trnová'),
(5231, 11, 47, '542407', 'Trnovany'),
(5232, 4, 34, '594954', 'Trnové Pole'),
(5233, 7, 11, '599999', 'Trojanovice'),
(5234, 6, 58, '572403', 'Trojovice'),
(5235, 13, 59, '579246', 'Trokavec'),
(5236, 4, 25, '594962', 'Troskotovice'),
(5237, 8, 49, '577600', 'Troskovice'),
(5238, 5, 39, '579751', 'Trotina'),
(5239, 9, 21, '505293', 'Troubelice'),
(5240, 9, 52, '519651', 'Troubky'),
(5241, 12, 37, '589080', 'Troubky-Zdislavice'),
(5242, 4, 25, '584029', 'Troubsko'),
(5243, 6, 6, '547921', 'Trpík'),
(5244, 6, 32, '578886', 'Trpín'),
(5245, 13, 56, '561291', 'Trpísty'),
(5246, 10, 28, '569623', 'Trpišovice'),
(5247, 1, 18, '554855', 'Trstenice'),
(5248, 6, 32, '578894', 'Trstenice'),
(5249, 4, 34, '594971', 'Trstenice'),
(5250, 9, 21, '505366', 'Tršice'),
(5251, 2, 42, '533106', 'Trubín'),
(5252, 2, 42, '531880', 'Trubská'),
(5253, 3, 40, '536512', 'Truskovice'),
(5254, 6, 35, '575828', 'Trusnov'),
(5255, 5, 39, '579025', 'Trutnov'),
(5256, 6, 32, '572616', 'Tržek'),
(5257, 7, 38, '552623', 'Tranovice'),
(5258, 6, 32, '578908', 'Trebarov'),
(5259, 13, 66, '578592', 'Trebcice'),
(5260, 5, 22, '571041', 'Trebechovice pod Orebem'),
(5261, 3, 31, '563153', 'Trebejice'),
(5262, 10, 23, '591858', 'Trebelovice'),
(5263, 1, 18, '539023', 'Treben'),
(5264, 11, 47, '565768', 'Trebenice'),
(5265, 10, 23, '591866', 'Trebenice'),
(5266, 2, 57, '537896', 'Trebestovice'),
(5267, 2, 2, '530981', 'Trebešice'),
(5268, 2, 54, '532304', 'Trebešice'),
(5269, 5, 8, '576832', 'Trebešov'),
(5270, 3, 33, '562327', 'Trebetice'),
(5271, 12, 37, '589098', 'Trebetice'),
(5272, 2, 2, '530972', 'Trebetín'),
(5273, 10, 23, '590266', 'Trebíc'),
(5274, 5, 39, '579769', 'Trebihošt'),
(5275, 2, 51, '532959', 'Trebichovice'),
(5276, 11, 47, '565776', 'Trebívlice'),
(5277, 2, 51, '532967', 'Trebíz'),
(5278, 5, 27, '573612', 'Trebnouševes'),
(5279, 2, 44, '542504', 'Treboc'),
(5280, 3, 40, '551899', 'Trebohostice'),
(5281, 7, 48, '569101', 'Trebom'),
(5282, 3, 33, '547336', 'Trebon'),
(5283, 2, 2, '571741', 'Trebonín'),
(5284, 6, 35, '572985', 'Trebosice'),
(5285, 2, 69, '539759', 'Trebotov'),
(5286, 6, 6, '581071', 'Trebovice'),
(5287, 2, 36, '533751', 'Trebovle'),
(5288, 2, 60, '541451', 'Trebsko'),
(5289, 2, 51, '532975', 'Trebusice'),
(5290, 11, 47, '565792', 'Trebušín'),
(5291, 7, 13, '597911', 'Tremešná'),
(5292, 13, 56, '561304', 'Tremešné'),
(5293, 13, 43, '559521', 'Tremošná'),
(5294, 6, 58, '572411', 'Tremošnice'),
(5295, 10, 23, '550311', 'Tresov'),
(5296, 5, 22, '571059', 'Tresovice'),
(5297, 3, 40, '536679', 'Trešovice'),
(5298, 10, 16, '588032', 'Trešt'),
(5299, 10, 16, '588041', 'Treštice'),
(5300, 9, 67, '553336', 'Treština'),
(5301, 2, 36, '533769', 'Tri Dvory'),
(5302, 1, 18, '554880', 'Tri Sekery'),
(5303, 10, 30, '587753', 'Tri Studne'),
(5304, 6, 58, '504921', 'Tribrichy'),
(5305, 7, 38, '598810', 'Trinec'),
(5306, 5, 27, '573639', 'Trtenice'),
(5307, 2, 44, '542512', 'Trtice'),
(5308, 3, 31, '553239', 'Tucapy'),
(5309, 12, 24, '592714', 'Tucapy'),
(5310, 4, 68, '593648', 'Tucapy'),
(5311, 9, 52, '520047', 'Tucín'),
(5312, 2, 73, '531561', 'Tuhan'),
(5313, 8, 61, '546267', 'Tuhan'),
(5314, 2, 51, '532983', 'Tuchlovice'),
(5315, 2, 69, '539767', 'Tuchomerice'),
(5316, 2, 36, '533777', 'Tuchoraz'),
(5317, 11, 65, '566853', 'Tuchorice'),
(5318, 2, 36, '533785', 'Tuklaty'),
(5319, 4, 34, '594989', 'Tulešice'),
(5320, 6, 58, '572420', 'Tunechody'),
(5321, 2, 73, '529583', 'Tupadly'),
(5322, 2, 2, '534480', 'Tupadly'),
(5323, 12, 24, '592722', 'Tupesy'),
(5324, 6, 35, '575844', 'Turkovice'),
(5325, 8, 49, '577626', 'Turnov'),
(5326, 3, 31, '551601', 'Turovec'),
(5327, 9, 52, '552836', 'Turovice'),
(5328, 2, 69, '539775', 'Tursko'),
(5329, 5, 27, '573647', 'Tur'),
(5330, 2, 51, '532177', 'Turany'),
(5331, 1, 18, '539619', 'Turany'),
(5332, 2, 29, '570982', 'Turice'),
(5333, 2, 60, '598330', 'Tušovice'),
(5334, 5, 8, '576841', 'Tutleky'),
(5335, 13, 46, '553522', 'Tužice'),
(5336, 4, 25, '584037', 'Tvarožná'),
(5337, 4, 14, '586684', 'Tvarožná Lhota'),
(5338, 9, 12, '590118', 'Tvorovice'),
(5339, 4, 34, '594997', 'Tvorihráz'),
(5340, 7, 13, '551821', 'Tvrdkov'),
(5341, 4, 41, '584941', 'Tvrdonice'),
(5342, 3, 19, '550604', 'Tvrzice'),
(5343, 13, 59, '546534', 'Týcek'),
(5344, 13, 76, '558460', 'Tymákov'),
(5345, 9, 52, '570079', 'Týn nad Becvou'),
(5346, 3, 3, '545201', 'Týn nad Vltavou'),
(5347, 13, 46, '541885', 'Týnec'),
(5348, 4, 41, '584959', 'Týnec'),
(5349, 2, 36, '533807', 'Týnec nad Labem'),
(5350, 2, 54, '530841', 'Týnec nad Sázavou'),
(5351, 13, 66, '539929', 'Týnište'),
(5352, 5, 8, '576859', 'Týnište nad Orlicí'),
(5353, 6, 6, '575861', 'Týništko'),
(5354, 5, 27, '573655', 'Úbislavice'),
(5355, 12, 53, '585874', 'Ublo'),
(5356, 13, 26, '566161', 'Úboc'),
(5357, 10, 30, '549959', 'Ubušínek'),
(5358, 11, 63, '563382', 'Údlice'),
(5359, 5, 27, '573663', 'Údrnice'),
(5360, 9, 50, '541214', 'Uhelná'),
(5361, 10, 28, '569640', 'Uhelná Príbram'),
(5362, 11, 65, '546178', 'Úherce'),
(5363, 13, 43, '546411', 'Úherce'),
(5364, 4, 41, '584967', 'Uhercice'),
(5365, 4, 34, '595004', 'Uhercice'),
(5366, 6, 58, '530697', 'Úhercice'),
(5367, 12, 24, '592005', 'Uherské Hradište'),
(5368, 6, 35, '575879', 'Uhersko'),
(5369, 12, 24, '592731', 'Uherský Brod'),
(5370, 12, 24, '592749', 'Uherský Ostroh'),
(5371, 5, 27, '573671', 'Úhlejov'),
(5372, 7, 48, '568341', 'Uhlírov'),
(5373, 2, 36, '533815', 'Uhlírská Lhota'),
(5374, 2, 2, '534498', 'Uhlírské Janovice'),
(5375, 2, 69, '571351', 'Úholicky'),
(5376, 2, 69, '532991', 'Úhonice'),
(5377, 10, 28, '548537', 'Úhorilka'),
(5378, 6, 58, '572446', 'Úhretice'),
(5379, 6, 35, '575887', 'Úhretická Lhota'),
(5380, 4, 68, '550191', 'Uhrice'),
(5381, 4, 4, '582531', 'Uhrice'),
(5382, 4, 14, '586692', 'Uhrice'),
(5383, 12, 37, '589110', 'Uhrice'),
(5384, 9, 52, '552879', 'Uhricice'),
(5385, 10, 30, '596906', 'Uhrínov'),
(5386, 2, 51, '533009', 'Uhy'),
(5387, 10, 30, '596914', 'Ujcov'),
(5388, 9, 21, '505501', 'Újezd'),
(5389, 2, 42, '531901', 'Újezd'),
(5390, 13, 26, '554383', 'Újezd'),
(5391, 12, 53, '585882', 'Újezd'),
(5392, 4, 34, '595012', 'Újezd'),
(5393, 10, 30, '596922', 'Újezd'),
(5394, 13, 43, '566594', 'Újezd nade Mží'),
(5395, 5, 27, '573680', 'Újezd pod Troskami'),
(5396, 4, 4, '534692', 'Újezd u Boskovic'),
(5397, 4, 25, '584045', 'Újezd u Brna'),
(5398, 4, 4, '582557', 'Újezd u Cerné Hory'),
(5399, 6, 6, '581089', 'Újezd u Chocne'),
(5400, 13, 46, '578321', 'Újezd u Plánice'),
(5401, 6, 35, '575909', 'Újezd u Prelouce'),
(5402, 4, 25, '584053', 'Újezd u Rosic'),
(5403, 6, 35, '572888', 'Újezd u Sezemic'),
(5404, 13, 59, '546551', 'Újezd u Svatého Kríže'),
(5405, 4, 25, '549908', 'Újezd u Tišnova'),
(5406, 3, 33, '507644', 'Újezdec'),
(5407, 3, 19, '537535', 'Újezdec'),
(5408, 6, 32, '578916', 'Újezdec'),
(5409, 12, 24, '592757', 'Újezdec'),
(5410, 2, 73, '599492', 'Újezdec'),
(5411, 11, 64, '567850', 'Újezdecek'),
(5412, 2, 29, '570761', 'Ujkovice'),
(5413, 3, 40, '536695', 'Úlehle'),
(5414, 5, 27, '573698', 'Úlibice'),
(5415, 13, 43, '559555', 'Úlice'),
(5416, 2, 2, '534501', 'Úmonín'),
(5417, 2, 57, '537900', 'Úmyslovice'),
(5418, 4, 34, '595021', 'Únanov'),
(5419, 10, 30, '596931', 'Uncín'),
(5420, 13, 56, '541435', 'Únehle'),
(5421, 13, 26, '554391', 'Únejovice'),
(5422, 13, 43, '559563', 'Únešov'),
(5423, 2, 69, '539805', 'Únetice'),
(5424, 13, 66, '540528', 'Únetice'),
(5425, 2, 51, '533017', 'Unhošt'),
(5426, 3, 40, '563951', 'Únice'),
(5427, 9, 21, '505587', 'Unicov'),
(5428, 4, 25, '582565', 'Unín'),
(5429, 4, 25, '584061', 'Unkovice'),
(5430, 5, 39, '579777', 'Úpice'),
(5431, 11, 47, '565806', 'Úpohlavy'),
(5432, 5, 22, '513717', 'Urbanice'),
(5433, 6, 35, '575917', 'Urbanice'),
(5434, 10, 16, '588067', 'Urbanov'),
(5435, 9, 12, '590126', 'Urcice'),
(5436, 3, 3, '535494', 'Úsilné'),
(5437, 13, 26, '554405', 'Úsilov'),
(5438, 10, 28, '569658', 'Úsobí'),
(5439, 4, 4, '582573', 'Úsobrno'),
(5440, 9, 67, '541222', 'Úsov'),
(5441, 9, 52, '520306', 'Ústí'),
(5442, 12, 70, '570371', 'Ústí'),
(5443, 10, 16, '588075', 'Ústí'),
(5444, 11, 75, '554804', 'Ústí nad Labem'),
(5445, 6, 6, '579891', 'Ústí nad Orlicí'),
(5446, 9, 21, '552364', 'Ústín'),
(5447, 3, 31, '599123', 'Ústrašice'),
(5448, 10, 15, '537608', 'Ústrašín'),
(5449, 4, 4, '553883', 'Ústup'),
(5450, 4, 25, '584070', 'Úsuší'),
(5451, 11, 47, '565814', 'Úštek'),
(5452, 6, 32, '572624', 'Útechov'),
(5453, 10, 15, '548987', 'Útechovice'),
(5454, 10, 15, '562033', 'Útechovice pod Stražištem'),
(5455, 10, 15, '537730', 'Útechovicky'),
(5456, 13, 43, '559571', 'Úterý'),
(5457, 13, 66, '558486', 'Útušice'),
(5458, 1, 1, '555681', 'Útvina'),
(5459, 7, 13, '597937', 'Úvalno'),
(5460, 2, 20, '538957', 'Úvaly'),
(5461, 3, 40, '551937', 'Uzenice'),
(5462, 3, 40, '536890', 'Uzenicky'),
(5463, 2, 2, '534510', 'Úžice'),
(5464, 2, 73, '535257', 'Úžice'),
(5465, 4, 14, '586706', 'Vacenovice'),
(5466, 2, 54, '532061', 'Václavice'),
(5467, 7, 13, '597945', 'Václavov u Bruntálu'),
(5468, 7, 74, '598836', 'Václavovice'),
(5469, 2, 44, '565512', 'Václavy'),
(5470, 3, 19, '550621', 'Vacov'),
(5471, 3, 40, '536504', 'Vacovice'),
(5472, 3, 31, '553255', 'Val'),
(5473, 5, 8, '576875', 'Val'),
(5474, 12, 70, '544949', 'Valašská Bystrice'),
(5475, 12, 70, '544990', 'Valašská Polanka'),
(5476, 12, 70, '553026', 'Valašská Senice'),
(5477, 12, 53, '585891', 'Valašské Klobouky'),
(5478, 12, 70, '545058', 'Valašské Mezirící'),
(5479, 12, 70, '545112', 'Valašské Príkazy'),
(5480, 5, 27, '573701', 'Valdice'),
(5481, 10, 23, '587699', 'Valdíkov'),
(5482, 1, 1, '555690', 'Valec'),
(5483, 10, 23, '591874', 'Valec'),
(5484, 4, 4, '582581', 'Valchov'),
(5485, 11, 17, '562874', 'Valkerice'),
(5486, 7, 13, '551783', 'Valšov'),
(5487, 4, 41, '584975', 'Valtice'),
(5488, 4, 34, '595039', 'Valtrovice'),
(5489, 1, 18, '539481', 'Valy'),
(5490, 6, 35, '575925', 'Valy'),
(5491, 5, 8, '576883', 'Vamberk'),
(5492, 10, 16, '588083', 'Vanov'),
(5493, 4, 4, '582590', 'Vanovice'),
(5494, 10, 16, '588091', 'Vanuvek'),
(5495, 12, 24, '592773', 'Vápenice'),
(5496, 9, 50, '541249', 'Vápenná'),
(5497, 6, 58, '572454', 'Vápenný Podol'),
(5498, 6, 35, '575933', 'Vápno'),
(5499, 10, 16, '588105', 'Vápovice'),
(5500, 11, 17, '562882', 'Varnsdorf'),
(5501, 3, 9, '562211', 'Varvažov'),
(5502, 10, 30, '596949', 'Vatín'),
(5503, 2, 2, '534528', 'Vavrinec'),
(5504, 4, 4, '582603', 'Vavrinec'),
(5505, 4, 4, '582611', 'Vážany'),
(5506, 12, 24, '592781', 'Vážany'),
(5507, 4, 68, '593656', 'Vážany'),
(5508, 4, 68, '593664', 'Vážany nad Litavou'),
(5509, 6, 58, '572462', 'Vcelákov'),
(5510, 3, 3, '545228', 'Vcelná'),
(5511, 10, 15, '549002', 'Vcelnicka'),
(5512, 10, 30, '596957', 'Vecov'),
(5513, 11, 47, '565831', 'Vedomice'),
(5514, 4, 34, '595047', 'Vedrovice'),
(5515, 10, 30, '596965', 'Vechnov'),
(5516, 13, 43, '559580', 'Vejprnice'),
(5517, 11, 63, '563404', 'Vejprty'),
(5518, 13, 59, '560227', 'Vejvanov'),
(5519, 6, 58, '572471', 'Vejvanovice'),
(5520, 4, 25, '584096', 'Velatice'),
(5521, 13, 43, '578924', 'Velecín'),
(5522, 12, 24, '592790', 'Velehrad'),
(5523, 11, 47, '565849', 'Velemín'),
(5524, 11, 65, '566870', 'Velemyšleves'),
(5525, 2, 20, '538965', 'Velen'),
(5526, 2, 57, '536083', 'Velenice'),
(5527, 8, 61, '562173', 'Velenice'),
(5528, 2, 57, '534871', 'Velenka'),
(5529, 4, 4, '530824', 'Velenov'),
(5530, 3, 55, '545821', 'Velešín'),
(5531, 4, 68, '593681', 'Velešovice'),
(5532, 12, 24, '592803', 'Veletiny'),
(5533, 2, 36, '533823', 'Veletov'),
(5534, 13, 46, '557366', 'Velhartice'),
(5535, 1, 1, '555703', 'Velichov'),
(5536, 5, 5, '574554', 'Velichovky'),
(5537, 2, 20, '538973', 'Veliká Ves'),
(5538, 11, 63, '563412', 'Veliká Ves'),
(5539, 2, 36, '533831', 'Velim'),
(5540, 6, 35, '575941', 'Veliny'),
(5541, 2, 54, '530867', 'Veliš'),
(5542, 5, 27, '573728', 'Veliš'),
(5543, 10, 30, '596973', 'Velká Bíteš'),
(5544, 2, 44, '542563', 'Velká Buková'),
(5545, 11, 17, '562891', 'Velká Bukovina'),
(5546, 9, 21, '505609', 'Velká Bystrice'),
(5547, 2, 51, '533025', 'Velká Dobrá'),
(5548, 1, 18, '539279', 'Velká Hledsebe'),
(5549, 2, 44, '529699', 'Velká Chmelištná'),
(5550, 10, 15, '549011', 'Velká Chyška'),
(5551, 5, 5, '574562', 'Velká Jesenice'),
(5552, 9, 50, '553468', 'Velká Kraš'),
(5553, 2, 60, '513539', 'Velká Lecice'),
(5554, 12, 70, '545147', 'Velká Lhota'),
(5555, 10, 30, '596981', 'Velká Losenice'),
(5556, 4, 14, '586714', 'Velká nad Velickou'),
(5557, 7, 74, '510882', 'Velká Polom'),
(5558, 6, 6, '581101', 'Velká Skrovnice'),
(5559, 7, 13, '551694', 'Velká Štáhle'),
(5560, 3, 40, '536741', 'Velká Turná'),
(5561, 7, 11, '568422', 'Velké Albrechtice'),
(5562, 4, 41, '584983', 'Velké Bílovice'),
(5563, 11, 75, '568350', 'Velké Brezno'),
(5564, 8, 10, '563838', 'Velké Hamry'),
(5565, 7, 48, '510891', 'Velké Heraltice'),
(5566, 4, 41, '584991', 'Velké Hosterádky'),
(5567, 7, 48, '510939', 'Velké Hoštice'),
(5568, 13, 46, '557374', 'Velké Hydcice'),
(5569, 11, 75, '555223', 'Velké Chvojno'),
(5570, 10, 30, '596990', 'Velké Janovice');
INSERT INTO `obec_cities` (`id`, `kraj_region_id`, `okres_county_id`, `kod`, `nazev`) VALUES
(5571, 12, 70, '545163', 'Velké Karlovice'),
(5572, 9, 50, '569453', 'Velké Kunetice'),
(5573, 9, 67, '541265', 'Velké Losiny'),
(5574, 10, 30, '597007', 'Velké Mezirící'),
(5575, 4, 41, '585009', 'Velké Nemcice'),
(5576, 4, 4, '582646', 'Velké Opatovice'),
(5577, 4, 41, '585017', 'Velké Pavlovice'),
(5578, 5, 5, '574571', 'Velké Petrovice'),
(5579, 2, 20, '538981', 'Velké Popovice'),
(5580, 5, 5, '547646', 'Velké Porící'),
(5581, 2, 69, '539813', 'Velké Prílepy'),
(5582, 2, 51, '533033', 'Velké Prítocno'),
(5583, 5, 39, '579785', 'Velké Svatonovice'),
(5584, 10, 30, '587893', 'Velké Tresné'),
(5585, 2, 29, '536857', 'Velké Všelisy'),
(5586, 11, 47, '565857', 'Velké Žernoseky'),
(5587, 10, 16, '588113', 'Velký Beranov'),
(5588, 13, 46, '557382', 'Velký Bor'),
(5589, 2, 73, '535265', 'Velký Borek'),
(5590, 2, 42, '531910', 'Velký Chlumec'),
(5591, 4, 34, '545325', 'Velký Karlov'),
(5592, 1, 18, '578002', 'Velký Luh'),
(5593, 13, 26, '554413', 'Velký Malahov'),
(5594, 12, 53, '585912', 'Velký Orechov'),
(5595, 2, 36, '533840', 'Velký Osek'),
(5596, 3, 33, '562599', 'Velký Ratmírov'),
(5597, 10, 15, '549045', 'Velký Rybník'),
(5598, 11, 17, '562912', 'Velký Šenov'),
(5599, 5, 5, '574589', 'Velký Trebešov'),
(5600, 9, 21, '505650', 'Velký Týnec'),
(5601, 9, 21, '505668', 'Velký Újezd'),
(5602, 8, 61, '562203', 'Velký Valtinov'),
(5603, 5, 39, '579793', 'Velký Vreštov'),
(5604, 7, 38, '552615', 'Velopolí'),
(5605, 11, 65, '566896', 'Velteže'),
(5606, 2, 36, '533858', 'Veltruby'),
(5607, 2, 73, '535273', 'Veltrusy'),
(5608, 2, 51, '533041', 'Velvary'),
(5609, 4, 34, '595055', 'Vémyslice'),
(5610, 6, 32, '578932', 'Vendolí'),
(5611, 7, 38, '554928', 'Vendryne'),
(5612, 10, 28, '569674', 'Vepríkov'),
(5613, 10, 30, '597015', 'Veprová'),
(5614, 6, 6, '581119', 'Vermerovice'),
(5615, 11, 17, '562921', 'Vernerice'),
(5616, 5, 5, '547743', 'Vernérovice'),
(5617, 9, 67, '554146', 'Vernírovice'),
(5618, 9, 21, '552119', 'Verovany'),
(5619, 1, 1, '555711', 'Verušicky'),
(5620, 7, 11, '500259', 'Verovice'),
(5621, 13, 66, '558494', 'Ves Touškov'),
(5622, 3, 31, '553263', 'Vesce'),
(5623, 10, 15, '549053', 'Veselá'),
(5624, 13, 59, '560235', 'Veselá'),
(5625, 8, 49, '577642', 'Veselá'),
(5626, 12, 53, '585921', 'Veselá'),
(5627, 11, 17, '562939', 'Veselé'),
(5628, 6, 35, '575968', 'Veselí'),
(5629, 3, 31, '553271', 'Veselí nad Lužnicí'),
(5630, 4, 14, '586722', 'Veselí nad Moravou'),
(5631, 2, 29, '565725', 'Veselice'),
(5632, 9, 52, '520420', 'Veselícko'),
(5633, 3, 9, '549975', 'Veselícko'),
(5634, 10, 28, '569682', 'Veselý Ždár'),
(5635, 2, 69, '513458', 'Vestec'),
(5636, 2, 57, '537942', 'Vestec'),
(5637, 5, 5, '547565', 'Vestec'),
(5638, 10, 30, '597031', 'Vestín'),
(5639, 2, 60, '541508', 'Vešín'),
(5640, 4, 14, '586731', 'Veterov'),
(5641, 10, 16, '588121', 'Vetrný Jeníkov'),
(5642, 2, 20, '538990', 'Vetrušice'),
(5643, 7, 48, '570036', 'Vetrkovice'),
(5644, 3, 55, '545830', 'Vetrní'),
(5645, 4, 34, '595063', 'Vevcice'),
(5646, 4, 25, '584100', 'Veverská Bítýška'),
(5647, 4, 25, '584118', 'Veverské Knínice'),
(5648, 10, 28, '569691', 'Vež'),
(5649, 9, 52, '552755', 'Vežky'),
(5650, 12, 37, '589128', 'Vežky'),
(5651, 10, 15, '549061', 'Vežná'),
(5652, 10, 30, '597040', 'Vežná'),
(5653, 10, 28, '569704', 'Vežnice'),
(5654, 10, 16, '588130', 'Vežnice'),
(5655, 10, 16, '588148', 'Vežnicka'),
(5656, 3, 55, '536300', 'Vežovatá Pláne'),
(5657, 11, 47, '565865', 'Vchynice'),
(5658, 9, 12, '590134', 'Vícemerice'),
(5659, 3, 33, '561037', 'Vícemil'),
(5660, 10, 23, '588342', 'Vícenice'),
(5661, 10, 23, '511242', 'Vícenice u Námešte nad Oslavou'),
(5662, 9, 12, '590142', 'Vícov'),
(5663, 12, 70, '545198', 'Vidce'),
(5664, 10, 30, '597058', 'Víden'),
(5665, 2, 2, '534536', 'Vidice'),
(5666, 13, 26, '554421', 'Vidice'),
(5667, 2, 73, '531936', 'Vidim'),
(5668, 6, 32, '578941', 'Vidlatá Sec'),
(5669, 9, 50, '541303', 'Vidnava'),
(5670, 5, 27, '573736', 'Vidochov'),
(5671, 10, 30, '597066', 'Vidonín'),
(5672, 3, 3, '535737', 'Vidov'),
(5673, 12, 70, '545210', 'Vigantice'),
(5674, 8, 49, '577651', 'Víchová nad Jizerou'),
(5675, 9, 67, '553191', 'Vikantice'),
(5676, 9, 67, '569445', 'Vikýrovice'),
(5677, 10, 16, '588156', 'Vílanec'),
(5678, 5, 39, '574597', 'Vilantice'),
(5679, 11, 17, '562947', 'Vilémov'),
(5680, 11, 63, '563439', 'Vilémov'),
(5681, 9, 21, '568961', 'Vilémov'),
(5682, 10, 28, '569712', 'Vilémov'),
(5683, 10, 28, '569721', 'Vilémovice'),
(5684, 4, 4, '582654', 'Vilémovice'),
(5685, 3, 31, '553280', 'Vilice'),
(5686, 3, 19, '550647', 'Vimperk'),
(5687, 5, 22, '571083', 'Vinary'),
(5688, 6, 6, '572489', 'Vinary'),
(5689, 2, 2, '534544', 'Vinare'),
(5690, 2, 51, '533050', 'Vinarice'),
(5691, 2, 42, '534234', 'Vinarice'),
(5692, 2, 29, '565628', 'Vinarice'),
(5693, 11, 65, '566918', 'Vinarice'),
(5694, 9, 12, '544710', 'Vincencov'),
(5695, 2, 29, '570842', 'Vinec'),
(5696, 4, 25, '584126', 'Vinicné Šumice'),
(5697, 1, 72, '560685', 'Vintírov'),
(5698, 10, 30, '597074', 'Vír'),
(5699, 10, 28, '573582', 'Víska'),
(5700, 6, 32, '578959', 'Víska u Jevícka'),
(5701, 13, 59, '579289', 'Vísky'),
(5702, 4, 4, '582662', 'Vísky'),
(5703, 3, 33, '507652', 'Višnová'),
(5704, 2, 60, '541516', 'Višnová'),
(5705, 8, 62, '564494', 'Višnová'),
(5706, 4, 34, '595071', 'Višnové'),
(5707, 6, 58, '572497', 'Vítanov'),
(5708, 9, 12, '590151', 'Vitcice'),
(5709, 6, 32, '578967', 'Vítejeves'),
(5710, 3, 19, '550655', 'Vitejovice'),
(5711, 5, 39, '579815', 'Vítezná'),
(5712, 2, 36, '533866', 'Vitice'),
(5713, 3, 3, '535893', 'Vitín'),
(5714, 5, 27, '573752', 'Vitineves'),
(5715, 7, 48, '511021', 'Vítkov'),
(5716, 8, 49, '577669', 'Vítkovice'),
(5717, 12, 37, '589136', 'Vítonice'),
(5718, 4, 34, '595080', 'Vítonice'),
(5719, 12, 53, '585939', 'Vizovice'),
(5720, 2, 42, '534048', 'Vižina'),
(5721, 2, 2, '534552', 'Vlacice'),
(5722, 10, 23, '591904', 'Vladislav'),
(5723, 12, 53, '586994', 'Vlachova Lhota'),
(5724, 12, 53, '585955', 'Vlachovice'),
(5725, 10, 30, '587869', 'Vlachovice'),
(5726, 3, 19, '550663', 'Vlachovo Brezí'),
(5727, 4, 25, '585025', 'Vlasatice'),
(5728, 3, 9, '598844', 'Vlastec'),
(5729, 2, 2, '534561', 'Vlastejovice'),
(5730, 3, 31, '553298', 'Vlastibor'),
(5731, 8, 10, '563846', 'Vlastibor'),
(5732, 8, 62, '564516', 'Vlastiborice'),
(5733, 11, 47, '565873', 'Vlastislav'),
(5734, 2, 54, '530883', 'Vlašim'),
(5735, 10, 23, '591912', 'Vlcatín'),
(5736, 3, 33, '598640', 'Vlcetínec'),
(5737, 3, 31, '563447', 'Vlceves'),
(5738, 13, 66, '566691', 'Vlcí'),
(5739, 6, 35, '575984', 'Vlcí Habrina'),
(5740, 9, 50, '541346', 'Vlcice'),
(5741, 5, 39, '579823', 'Vlcice'),
(5742, 6, 32, '581127', 'Vlckov'),
(5743, 12, 53, '585963', 'Vlcková'),
(5744, 5, 39, '579831', 'Vlckovice v Podkrkonoší'),
(5745, 12, 24, '592820', 'Vlcnov'),
(5746, 13, 66, '540706', 'Vlctejn'),
(5747, 2, 20, '533874', 'Vlkancice'),
(5748, 2, 2, '534579', 'Vlkanec'),
(5749, 13, 26, '566250', 'Vlkanov'),
(5750, 10, 28, '569739', 'Vlkanov'),
(5751, 2, 29, '565571', 'Vlkava'),
(5752, 9, 52, '547433', 'Vlkoš'),
(5753, 4, 14, '586749', 'Vlkoš'),
(5754, 3, 3, '535915', 'Vlkov'),
(5755, 3, 31, '553310', 'Vlkov'),
(5756, 5, 5, '574601', 'Vlkov'),
(5757, 10, 30, '597082', 'Vlkov'),
(5758, 2, 57, '537951', 'Vlkov pod Oškobrhem'),
(5759, 1, 18, '539376', 'Vlkovice'),
(5760, 3, 9, '598852', 'Vlksice'),
(5761, 4, 14, '586757', 'Vnorovy'),
(5762, 5, 8, '576891', 'Voderady'),
(5763, 6, 6, '581143', 'Voderady'),
(5764, 4, 4, '582671', 'Voderady'),
(5765, 3, 31, '553328', 'Vodice'),
(5766, 3, 40, '551953', 'Vodnany'),
(5767, 2, 20, '539015', 'Vodochody'),
(5768, 2, 2, '531014', 'Vodranty'),
(5769, 2, 54, '532614', 'Vodslivy'),
(5770, 4, 25, '584134', 'Vohancice'),
(5771, 13, 43, '559601', 'Vochov'),
(5772, 2, 54, '530891', 'Vojkov'),
(5773, 2, 73, '535290', 'Vojkovice'),
(5774, 7, 38, '552488', 'Vojkovice'),
(5775, 1, 1, '555738', 'Vojkovice'),
(5776, 4, 25, '584142', 'Vojkovice'),
(5777, 3, 9, '562289', 'Vojníkov'),
(5778, 10, 30, '597091', 'Vojnuv Mestec'),
(5779, 10, 15, '549126', 'Vojslavice'),
(5780, 1, 18, '539074', 'Vojtanov'),
(5781, 6, 58, '572501', 'Vojtechov'),
(5782, 10, 15, '599239', 'Vokov'),
(5783, 5, 27, '573761', 'Volanice'),
(5784, 2, 36, '533882', 'Volárna'),
(5785, 3, 19, '550671', 'Volary'),
(5786, 13, 59, '560251', 'Volduchy'),
(5787, 6, 35, '575992', 'Volec'),
(5788, 2, 60, '541524', 'Volenice'),
(5789, 3, 40, '551961', 'Volenice'),
(5790, 11, 45, '546437', 'Volevcice'),
(5791, 10, 16, '588164', 'Volevcice'),
(5792, 8, 61, '562220', 'Volfartice'),
(5793, 3, 33, '547441', 'Volfírov'),
(5794, 3, 40, '551970', 'Volyne'),
(5795, 2, 69, '539830', 'Vonoklasy'),
(5796, 6, 58, '572527', 'Vortová'),
(5797, 2, 54, '530905', 'Votice'),
(5798, 2, 60, '541541', 'Voznice'),
(5799, 3, 3, '545261', 'Vrábce'),
(5800, 6, 6, '581151', 'Vraclav'),
(5801, 4, 14, '586765', 'Vracov'),
(5802, 2, 54, '530913', 'Vracovice'),
(5803, 4, 34, '550019', 'Vracovice'),
(5804, 6, 6, '548022', 'Vracovice-Orlov'),
(5805, 2, 73, '535303', 'Vranany'),
(5806, 2, 60, '564362', 'Vrancice'),
(5807, 2, 69, '539848', 'Vrané nad Vltavou'),
(5808, 2, 54, '530921', 'Vranov'),
(5809, 13, 56, '579491', 'Vranov'),
(5810, 4, 25, '584151', 'Vranov'),
(5811, 4, 34, '595098', 'Vranov nad Dyjí'),
(5812, 4, 4, '582689', 'Vranová'),
(5813, 6, 32, '578975', 'Vranová Lhota'),
(5814, 2, 60, '541567', 'Vranovice'),
(5815, 4, 25, '585033', 'Vranovice'),
(5816, 9, 12, '590177', 'Vranovice-Kelcice'),
(5817, 4, 34, '595101', 'Vranovská Ves'),
(5818, 2, 51, '533068', 'Vraný'),
(5819, 4, 34, '595110', 'Vratenín'),
(5820, 7, 74, '598879', 'Vratimov'),
(5821, 4, 25, '597104', 'Vratislávka'),
(5822, 2, 36, '564826', 'Vrátkov'),
(5823, 2, 29, '572021', 'Vrátno'),
(5824, 3, 3, '535796', 'Vráto'),
(5825, 2, 42, '531944', 'Vráž'),
(5826, 3, 9, '549991', 'Vráž'),
(5827, 11, 47, '565881', 'Vražkov'),
(5828, 7, 11, '554910', 'Vražné'),
(5829, 6, 32, '572292', 'Vrážné'),
(5830, 9, 12, '590185', 'Vrbátky'),
(5831, 6, 58, '572535', 'Vrbatuv Kostelec'),
(5832, 2, 36, '533891', 'Vrbcany'),
(5833, 3, 19, '529915', 'Vrbice'),
(5834, 5, 8, '548707', 'Vrbice'),
(5835, 11, 47, '565890', 'Vrbice'),
(5836, 1, 1, '566675', 'Vrbice'),
(5837, 5, 27, '572128', 'Vrbice'),
(5838, 4, 41, '585041', 'Vrbice'),
(5839, 2, 57, '599611', 'Vrbice'),
(5840, 11, 47, '565903', 'Vrbicany'),
(5841, 2, 51, '571431', 'Vrbicany'),
(5842, 12, 37, '542393', 'Vrbka'),
(5843, 11, 65, '566926', 'Vrbno nad Lesy'),
(5844, 7, 13, '597961', 'Vrbno pod Pradedem'),
(5845, 2, 57, '537977', 'Vrbová Lhota'),
(5846, 4, 34, '595128', 'Vrbovec'),
(5847, 3, 9, '550001', 'Vrcovice'),
(5848, 13, 66, '558559', 'Vrcen'),
(5849, 2, 2, '534587', 'Vrdy'),
(5850, 13, 46, '557455', 'Vrhavec'),
(5851, 5, 39, '579858', 'Vrchlabí'),
(5852, 9, 12, '590193', 'Vrchoslavice'),
(5853, 2, 54, '530948', 'Vrchotovy Janovice'),
(5854, 8, 61, '562238', 'Vrchovany'),
(5855, 5, 22, '548057', 'Vrchovnice'),
(5856, 7, 11, '569747', 'Vrchy'),
(5857, 11, 65, '566934', 'Vroutek'),
(5858, 11, 63, '563463', 'Vrskman'),
(5859, 5, 27, '573795', 'Vršce'),
(5860, 7, 48, '511161', 'Vršovice'),
(5861, 11, 65, '546887', 'Vršovice'),
(5862, 5, 5, '574627', 'Vršovka'),
(5863, 11, 47, '565911', 'Vrutice'),
(5864, 7, 74, '500291', 'Vresina'),
(5865, 7, 48, '568244', 'Vresina'),
(5866, 13, 46, '566055', 'Vreskovice'),
(5867, 5, 27, '549029', 'Vresník'),
(5868, 1, 72, '560707', 'Vresová'),
(5869, 4, 14, '586773', 'Vresovice'),
(5870, 9, 12, '590207', 'Vresovice'),
(5871, 12, 70, '541630', 'Vsetín'),
(5872, 13, 66, '558567', 'Vstiš'),
(5873, 11, 63, '563471', 'Všehrdy'),
(5874, 13, 43, '566497', 'Všehrdy'),
(5875, 2, 54, '532266', 'Všechlapy'),
(5876, 2, 57, '537985', 'Všechlapy'),
(5877, 9, 52, '521531', 'Všechovice'),
(5878, 4, 25, '584169', 'Všechovice'),
(5879, 2, 29, '536938', 'Všejany'),
(5880, 13, 26, '566071', 'Všekary'),
(5881, 8, 62, '564532', 'Všelibice'),
(5882, 12, 53, '585971', 'Všemina'),
(5883, 3, 3, '545287', 'Všemyslice'),
(5884, 8, 49, '577677', 'Všen'),
(5885, 13, 59, '566799', 'Všenice'),
(5886, 2, 69, '539856', 'Všenory'),
(5887, 13, 26, '554448', 'Všepadly'),
(5888, 2, 42, '531952', 'Všeradice'),
(5889, 6, 58, '572543', 'Všeradov'),
(5890, 13, 26, '554456', 'Všeruby'),
(5891, 13, 43, '559628', 'Všeruby'),
(5892, 2, 20, '539031', 'Všestary'),
(5893, 5, 22, '571091', 'Všestary'),
(5894, 2, 73, '535311', 'Všestudy'),
(5895, 11, 63, '563480', 'Všestudy'),
(5896, 2, 44, '565130', 'Všesulov'),
(5897, 2, 73, '535320', 'Všetaty'),
(5898, 2, 44, '542598', 'Všetaty'),
(5899, 2, 60, '598437', 'Vševily'),
(5900, 10, 23, '591939', 'Výcapy'),
(5901, 3, 33, '562629', 'Vydrí'),
(5902, 2, 57, '537993', 'Vykán'),
(5903, 10, 15, '549134', 'Vyklantice'),
(5904, 9, 52, '547450', 'Výkleky'),
(5905, 6, 6, '581178', 'Výprachtice'),
(5906, 5, 22, '571105', 'Výrava'),
(5907, 13, 43, '566969', 'Výrov'),
(5908, 4, 34, '595136', 'Výrovice'),
(5909, 8, 49, '577685', 'Vysker'),
(5910, 10, 15, '549142', 'Vyskytná'),
(5911, 10, 16, '588172', 'Vyskytná nad Jihlavou'),
(5912, 11, 63, '563498', 'Výsluní'),
(5913, 4, 4, '582701', 'Vysocany'),
(5914, 4, 34, '595144', 'Vysocany'),
(5915, 6, 58, '572551', 'Vysocina'),
(5916, 10, 28, '530654', 'Vysoká'),
(5917, 2, 73, '535338', 'Vysoká'),
(5918, 6, 32, '578991', 'Vysoká'),
(5919, 7, 13, '597970', 'Vysoká'),
(5920, 10, 15, '561771', 'Vysoká Lhota'),
(5921, 13, 43, '530280', 'Vysoká Libyne'),
(5922, 5, 22, '571113', 'Vysoká nad Labem'),
(5923, 11, 63, '563501', 'Vysoká Pec'),
(5924, 1, 1, '578029', 'Vysoká Pec'),
(5925, 5, 5, '574635', 'Vysoká Srbská'),
(5926, 2, 60, '541583', 'Vysoká u Príbrame'),
(5927, 10, 30, '588334', 'Vysoké'),
(5928, 6, 35, '576000', 'Vysoké Chvojno'),
(5929, 6, 6, '581186', 'Vysoké Mýto'),
(5930, 8, 49, '577693', 'Vysoké nad Jizerou'),
(5931, 12, 53, '585980', 'Vysoké Pole'),
(5932, 4, 25, '584177', 'Vysoké Popovice'),
(5933, 10, 16, '588181', 'Vysoké Studnice'),
(5934, 5, 27, '573809', 'Vysoké Veselí'),
(5935, 5, 5, '574643', 'Vysokov'),
(5936, 2, 60, '541591', 'Vysoký Chlumec'),
(5937, 2, 54, '513482', 'Vysoký Újezd'),
(5938, 2, 42, '531961', 'Vysoký Újezd'),
(5939, 5, 22, '548677', 'Vysoký Újezd'),
(5940, 10, 16, '588199', 'Vystrcenovice'),
(5941, 10, 15, '561797', 'Vystrkov'),
(5942, 6, 35, '576018', 'Vyšehnevice'),
(5943, 9, 67, '570095', 'Vyšehorí'),
(5944, 2, 20, '539040', 'Vyšehorovice'),
(5945, 4, 68, '592889', 'Vyškov'),
(5946, 11, 65, '566951', 'Výškov'),
(5947, 12, 24, '592838', 'Vyškovec'),
(5948, 7, 38, '552682', 'Vyšní Lhoty'),
(5949, 9, 12, '590215', 'Výšovice'),
(5950, 3, 55, '545848', 'Vyšší Brod'),
(5951, 2, 20, '564796', 'Výžerky'),
(5952, 6, 58, '547841', 'Vyžice'),
(5953, 2, 20, '533904', 'Vyžlovka'),
(5954, 2, 54, '571415', 'Xaverov'),
(5955, 9, 52, '547514', 'Zábeštní Lhota'),
(5956, 3, 33, '508683', 'Záblatí'),
(5957, 3, 19, '550680', 'Záblatí'),
(5958, 10, 30, '597112', 'Záblatí'),
(5959, 10, 16, '588202', 'Záborná'),
(5960, 3, 3, '545317', 'Záborí'),
(5961, 3, 40, '551988', 'Záborí'),
(5962, 2, 2, '534595', 'Záborí nad Labem'),
(5963, 3, 19, '537195', 'Zábrdí'),
(5964, 5, 5, '574651', 'Zábrodí'),
(5965, 11, 64, '567868', 'Zabrušany'),
(5966, 9, 67, '541354', 'Zábreh'),
(5967, 5, 39, '548839', 'Zábrezí-Recice'),
(5968, 13, 56, '541362', 'Zadní Chodov'),
(5969, 3, 31, '563927', 'Zadní Strítež'),
(5970, 2, 42, '531979', 'Zadní Treban'),
(5971, 10, 16, '587231', 'Zadní Vydrí'),
(5972, 10, 30, '597121', 'Zadní Zhorec'),
(5973, 6, 6, '581194', 'Zádolí'),
(5974, 1, 18, '539431', 'Zádub-Závišín'),
(5975, 12, 53, '585998', 'Zádverice-Raková'),
(5976, 3, 3, '536016', 'Zahájí'),
(5977, 12, 37, '589152', 'Zahnašovice'),
(5978, 3, 40, '536482', 'Zahorcice'),
(5979, 2, 57, '534471', 'Záhornice'),
(5980, 12, 24, '592846', 'Záhorovice'),
(5981, 13, 26, '554464', 'Zahorany'),
(5982, 2, 69, '571288', 'Zahorany'),
(5983, 3, 33, '507695', 'Záhorí'),
(5984, 3, 9, '550027', 'Záhorí'),
(5985, 8, 49, '577707', 'Záhorí'),
(5986, 3, 31, '599000', 'Záhorí'),
(5987, 13, 43, '578827', 'Zahrádka'),
(5988, 10, 23, '591947', 'Zahrádka'),
(5989, 3, 33, '547468', 'Zahrádky'),
(5990, 8, 61, '562246', 'Zahrádky'),
(5991, 13, 56, '541664', 'Záchlumí'),
(5992, 6, 6, '581208', 'Záchlumí'),
(5993, 10, 15, '549177', 'Zachotín'),
(5994, 5, 22, '571130', 'Zachraštany'),
(5995, 4, 41, '585050', 'Zajecí'),
(5996, 6, 58, '572578', 'Zajecice'),
(5997, 2, 42, '531995', 'Zajecov'),
(5998, 2, 51, '571598', 'Zájezd'),
(5999, 6, 58, '547859', 'Zájezdec'),
(6000, 10, 15, '561975', 'Zajíckov'),
(6001, 2, 51, '533092', 'Zákolany'),
(6002, 4, 25, '584185', 'Zakrany'),
(6003, 8, 61, '562262', 'Zákupy'),
(6004, 4, 34, '595152', 'Zálesí'),
(6005, 4, 25, '584193', 'Zálesná Zhor'),
(6006, 2, 36, '513202', 'Zalešany'),
(6007, 2, 73, '535354', 'Zálezlice'),
(6008, 3, 19, '550698', 'Zálezly'),
(6009, 5, 5, '574660', 'Zalonov'),
(6010, 3, 31, '553361', 'Zálší'),
(6011, 6, 6, '581216', 'Zálší'),
(6012, 2, 60, '541613', 'Zalužany'),
(6013, 2, 42, '532002', 'Záluží'),
(6014, 11, 47, '542482', 'Záluží'),
(6015, 11, 65, '530603', 'Zálužice'),
(6016, 5, 8, '576921', 'Zámel'),
(6017, 5, 27, '549193', 'Zámostí-Blata'),
(6018, 6, 6, '581224', 'Zámrsk'),
(6019, 9, 52, '522775', 'Zámrsky'),
(6020, 2, 20, '505781', 'Zápy'),
(6021, 10, 23, '591955', 'Zárubice'),
(6022, 2, 20, '535362', 'Záryby'),
(6023, 6, 6, '581232', 'Zárecká Lhota'),
(6024, 12, 37, '589161', 'Zárící'),
(6025, 8, 10, '563854', 'Zásada'),
(6026, 2, 36, '533921', 'Zásmuky'),
(6027, 4, 25, '584207', 'Zastávka'),
(6028, 12, 37, '587257', 'Zástrizly'),
(6029, 12, 70, '545236', 'Zašová'),
(6030, 10, 23, '591963', 'Zašovice'),
(6031, 7, 13, '597988', 'Zátor'),
(6032, 7, 48, '553492', 'Závada'),
(6033, 2, 44, '542601', 'Zavidov'),
(6034, 4, 4, '586005', 'Závist'),
(6035, 7, 11, '568473', 'Závišice'),
(6036, 13, 46, '557463', 'Zavlekov'),
(6037, 3, 3, '599778', 'Závraty'),
(6038, 2, 44, '542610', 'Zbecno'),
(6039, 3, 9, '550035', 'Zbelítov'),
(6040, 2, 60, '564320', 'Zbenice'),
(6041, 3, 9, '550043', 'Zbešicky'),
(6042, 10, 16, '588211', 'Zbilidy'),
(6043, 10, 16, '588229', 'Zbinohy'),
(6044, 13, 59, '560260', 'Zbiroh'),
(6045, 2, 2, '534609', 'Zbizuby'),
(6046, 4, 34, '595161', 'Zblovice'),
(6047, 9, 67, '570338', 'Zborov'),
(6048, 12, 37, '589187', 'Zborovice'),
(6049, 13, 46, '578312', 'Zborovy'),
(6050, 2, 57, '599697', 'Zbožícko'),
(6051, 4, 25, '584215', 'Zbraslav'),
(6052, 4, 4, '582727', 'Zbraslavec'),
(6053, 2, 2, '534617', 'Zbraslavice'),
(6054, 11, 65, '566977', 'Zbrašín'),
(6055, 13, 43, '559661', 'Zbuch'),
(6056, 2, 69, '539872', 'Zbuzany'),
(6057, 7, 74, '568449', 'Zbyslavice'),
(6058, 2, 2, '534625', 'Zbýšov'),
(6059, 4, 25, '584223', 'Zbýšov'),
(6060, 4, 68, '593699', 'Zbýšov'),
(6061, 3, 19, '550701', 'Zbytiny'),
(6062, 12, 70, '545244', 'Zdechov'),
(6063, 5, 22, '573744', 'Zdechovice'),
(6064, 6, 35, '576026', 'Zdechovice'),
(6065, 5, 8, '576930', 'Zdelov'),
(6066, 13, 66, '558583', 'Zdemyslice'),
(6067, 10, 16, '588245', 'Zdenkov'),
(6068, 6, 58, '573876', 'Zderaz'),
(6069, 2, 29, '571814', 'Zdetín'),
(6070, 9, 12, '590223', 'Zdetín'),
(6071, 2, 20, '539058', 'Zdiby'),
(6072, 2, 42, '532011', 'Zdice'),
(6073, 3, 19, '550728', 'Zdíkov'),
(6074, 8, 62, '564541', 'Zdislava'),
(6075, 2, 54, '531022', 'Zdislavice'),
(6076, 5, 39, '548847', 'Zdobín'),
(6077, 5, 8, '576948', 'Zdobnice'),
(6078, 12, 37, '589195', 'Zdounky'),
(6079, 2, 60, '513512', 'Zduchovice'),
(6080, 4, 68, '593702', 'Zelená Hora'),
(6081, 5, 27, '573183', 'Zelenecká Lhota'),
(6082, 2, 20, '539066', 'Zelenec'),
(6083, 13, 66, '558591', 'Zemetice'),
(6084, 13, 56, '541460', 'Zhor'),
(6085, 3, 9, '550060', 'Zhor'),
(6086, 4, 25, '582735', 'Zhor'),
(6087, 10, 16, '588253', 'Zhor'),
(6088, 3, 31, '599034', 'Zhor u Mladé Vožice'),
(6089, 3, 31, '560430', 'Zhor u Tábora'),
(6090, 10, 15, '561363', 'Zhorec'),
(6091, 2, 51, '571423', 'Zichovec'),
(6092, 12, 24, '592854', 'Zlámanec'),
(6093, 2, 20, '513644', 'Zlatá'),
(6094, 3, 55, '545864', 'Zlatá Koruna'),
(6095, 8, 10, '563862', 'Zlatá Olešnice'),
(6096, 5, 39, '579866', 'Zlatá Olešnice'),
(6097, 9, 50, '597996', 'Zlaté Hory'),
(6098, 10, 15, '598666', 'Zlátenka'),
(6099, 2, 69, '539881', 'Zlatníky-Hodkovice'),
(6100, 12, 24, '592862', 'Zlechov'),
(6101, 12, 53, '585068', 'Zlín'),
(6102, 3, 3, '545341', 'Zliv'),
(6103, 12, 37, '589217', 'Zlobice'),
(6104, 2, 73, '531511', 'Zloncice'),
(6105, 2, 51, '533114', 'Zlonice'),
(6106, 2, 20, '539082', 'Zlonín'),
(6107, 2, 73, '535389', 'Zlosyn'),
(6108, 3, 31, '599271', 'Zlukov'),
(6109, 10, 30, '597139', 'Znetínek'),
(6110, 4, 34, '593711', 'Znojmo'),
(6111, 2, 2, '534633', 'Zruc nad Sázavou'),
(6112, 13, 43, '559679', 'Zruc-Senec'),
(6113, 3, 55, '545872', 'Zubcice'),
(6114, 11, 75, '568384', 'Zubrnice'),
(6115, 12, 70, '545252', 'Zubrí'),
(6116, 10, 30, '597147', 'Zubrí'),
(6117, 2, 20, '539091', 'Zvánovice'),
(6118, 10, 23, '591980', 'Zverkovice'),
(6119, 3, 31, '553409', 'Zverotice'),
(6120, 2, 57, '534862', 'Zverínek'),
(6121, 2, 54, '531049', 'Zvestov'),
(6122, 10, 28, '548626', 'Zvestovice'),
(6123, 3, 3, '535591', 'Zvíkov'),
(6124, 3, 55, '536237', 'Zvíkov'),
(6125, 13, 59, '541061', 'Zvíkovec'),
(6126, 3, 9, '562165', 'Zvíkovské Podhradí'),
(6127, 2, 69, '539902', 'Zvole'),
(6128, 9, 67, '541478', 'Zvole'),
(6129, 10, 30, '597155', 'Zvole'),
(6130, 2, 51, '533122', 'Zvoleneves'),
(6131, 10, 16, '588261', 'Zvolenovice'),
(6132, 3, 40, '536873', 'Zvotoky'),
(6133, 4, 25, '584231', 'Žabcice'),
(6134, 7, 38, '552691', 'Žaben'),
(6135, 2, 36, '513261', 'Žabonosy'),
(6136, 3, 3, '545368', 'Žabovresky'),
(6137, 11, 47, '565938', 'Žabovresky nad Ohrí'),
(6138, 5, 39, '579874', 'Žaclér'),
(6139, 4, 14, '586781', 'Žádovice'),
(6140, 13, 66, '530182', 'Žákava'),
(6141, 9, 52, '523453', 'Žákovice'),
(6142, 2, 2, '534641', 'Žáky'),
(6143, 11, 64, '567876', 'Žalany'),
(6144, 11, 47, '565946', 'Žalhostice'),
(6145, 12, 37, '589225', 'Žalkovice'),
(6146, 6, 6, '581259', 'Žamberk'),
(6147, 6, 6, '581267', 'Žampach'),
(6148, 8, 61, '562297', 'Žandov'),
(6149, 3, 3, '545376', 'Žár'),
(6150, 6, 35, '576042', 'Žáravice'),
(6151, 4, 14, '586790', 'Žarošice'),
(6152, 3, 19, '529923', 'Žárovná'),
(6153, 4, 25, '584240', 'Žatcany'),
(6154, 11, 65, '566985', 'Žatec'),
(6155, 10, 16, '588270', 'Žatec'),
(6156, 2, 36, '513164', 'Ždánice'),
(6157, 4, 14, '586803', 'Ždánice'),
(6158, 10, 30, '597163', 'Ždánice'),
(6159, 13, 26, '554472', 'Ždánov'),
(6160, 3, 33, '529761', 'Ždár'),
(6161, 2, 29, '536971', 'Ždár'),
(6162, 4, 4, '582743', 'Ždár'),
(6163, 2, 44, '598518', 'Ždár'),
(6164, 3, 9, '598861', 'Ždár'),
(6165, 5, 5, '574686', 'Ždár nad Metují'),
(6166, 5, 8, '576956', 'Ždár nad Orlicí'),
(6167, 10, 30, '595209', 'Ždár nad Sázavou'),
(6168, 4, 25, '597171', 'Ždárec'),
(6169, 8, 62, '544604', 'Ždárek'),
(6170, 5, 5, '574694', 'Ždárky'),
(6171, 4, 4, '582751', 'Ždárná'),
(6172, 8, 61, '514195', 'Ždírec'),
(6173, 10, 28, '530662', 'Ždírec'),
(6174, 13, 66, '558605', 'Ždírec'),
(6175, 10, 16, '588288', 'Ždírec'),
(6176, 10, 28, '569780', 'Ždírec nad Doubravou'),
(6177, 2, 42, '532029', 'Žebrák'),
(6178, 2, 36, '538035', 'Žehun'),
(6179, 2, 2, '534650', 'Žehušice'),
(6180, 9, 52, '523640', 'Želatovice'),
(6181, 3, 31, '553417', 'Želec'),
(6182, 9, 12, '590240', 'Želec'),
(6183, 9, 21, '552399', 'Želechovice'),
(6184, 12, 53, '500011', 'Želechovice nad Drevnicí'),
(6185, 11, 45, '567426', 'Želenice'),
(6186, 2, 51, '599425', 'Želenice'),
(6187, 4, 25, '584266', 'Želešice'),
(6188, 10, 23, '591998', 'Želetava'),
(6189, 4, 14, '586811', 'Želetice'),
(6190, 4, 34, '595179', 'Želetice'),
(6191, 2, 42, '599417', 'Železná'),
(6192, 13, 46, '557528', 'Železná Ruda'),
(6193, 4, 25, '584274', 'Železné'),
(6194, 5, 27, '573825', 'Železnice'),
(6195, 8, 10, '563871', 'Železný Brod'),
(6196, 10, 15, '549215', 'Želiv'),
(6197, 6, 32, '572195', 'Želivsko'),
(6198, 2, 73, '535397', 'Želízy'),
(6199, 11, 65, '530565', 'Želkovice'),
(6200, 3, 19, '550761', 'Želnava'),
(6201, 7, 11, '568732', 'Ženklava'),
(6202, 12, 37, '589233', 'Žeranovice'),
(6203, 4, 14, '586820', 'Žeravice'),
(6204, 4, 14, '586838', 'Žeraviny'),
(6205, 2, 29, '536989', 'Žercice'),
(6206, 5, 27, '573833', 'Žeretice'),
(6207, 7, 38, '568163', 'Žermanice'),
(6208, 5, 5, '574708', 'Žernov'),
(6209, 8, 49, '577723', 'Žernov'),
(6210, 3, 19, '537209', 'Žernovice'),
(6211, 4, 4, '582760', 'Žernovník'),
(6212, 4, 34, '595187', 'Žerotice'),
(6213, 9, 21, '505862', 'Žerotín'),
(6214, 11, 65, '543012', 'Žerotín'),
(6215, 4, 4, '582778', 'Žerutky'),
(6216, 4, 34, '595195', 'Žerutky'),
(6217, 4, 25, '584282', 'Židlochovice'),
(6218, 2, 29, '536997', 'Židneves'),
(6219, 11, 47, '565954', 'Židovice'),
(6220, 5, 27, '573841', 'Židovice'),
(6221, 13, 43, '559695', 'Žihle'),
(6222, 13, 46, '557536', 'Žihobce'),
(6223, 6, 6, '581275', 'Žichlínek'),
(6224, 13, 46, '557544', 'Žichovice'),
(6225, 2, 51, '533149', 'Žilina'),
(6226, 13, 43, '559709', 'Žilov'),
(6227, 11, 64, '567884', 'Žim'),
(6228, 3, 3, '545384', 'Žimutice'),
(6229, 13, 66, '558630', 'Žinkovy'),
(6230, 10, 15, '561908', 'Žirov'),
(6231, 10, 15, '549231', 'Žirovnice'),
(6232, 3, 31, '563897', 'Žíšov'),
(6233, 11, 47, '565962', 'Žitenice'),
(6234, 12, 24, '592871', 'Žítková'),
(6235, 2, 57, '503410', 'Žitovlice'),
(6236, 6, 35, '576051', 'Živanice'),
(6237, 13, 66, '540137', 'Životice'),
(6238, 7, 11, '547000', 'Životice u Nového Jicína'),
(6239, 2, 36, '533947', 'Žiželice'),
(6240, 11, 65, '567019', 'Žiželice'),
(6241, 2, 51, '533157', 'Žižice'),
(6242, 10, 28, '569801', 'Žižkovo Pole'),
(6243, 6, 58, '574091', 'Žlebské Chvalovice'),
(6244, 2, 2, '534668', 'Žleby'),
(6245, 5, 27, '573850', 'Žlunice'),
(6246, 12, 53, '586013', 'Žlutava'),
(6247, 1, 1, '555762', 'Žlutice'),
(6248, 9, 50, '541575', 'Žulová'),
(6249, 6, 58, '572641', 'Žumberk'),
(6250, 3, 33, '562424', 'Županovice'),
(6251, 2, 60, '564338', 'Županovice'),
(6254, 3, 3, '999999', 'Montmo');

-- --------------------------------------------------------

--
-- Structure de la table `okres_counties`
--

CREATE TABLE `okres_counties` (
  `id` int(11) NOT NULL COMMENT 'ID okres_countyu',
  `kraj_region_id` int(11) NOT NULL COMMENT 'kraj_region',
  `kod` varchar(9) CHARACTER SET utf8 COLLATE utf8_czech_ci NOT NULL COMMENT 'Kód okres_countyu',
  `nazev` varchar(80) CHARACTER SET utf8 COLLATE utf8_czech_ci NOT NULL COMMENT 'Název okres_countyu'
) ENGINE=InnoDB DEFAULT CHARSET=utf8 COLLATE=utf8_czech_ci COMMENT='okres_county';

--
-- Déchargement des données de la table `okres_counties`
--

INSERT INTO `okres_counties` (`id`, `kraj_region_id`, `kod`, `nazev`) VALUES
(1, 1, 'CZ0412', 'Karlovy Vary'),
(2, 2, 'CZ0205', 'Kutná Hora'),
(3, 3, 'CZ0311', 'Ceské Budejovice'),
(4, 4, 'CZ0641', 'Blansko'),
(5, 5, 'CZ0523', 'Náchod'),
(6, 6, 'CZ0534', 'Ústí nad Orlicí'),
(7, 7, 'CZ0803', 'Karviná'),
(8, 5, 'CZ0524', 'Rychnov nad Knežnou'),
(9, 3, 'CZ0314', 'Písek'),
(10, 8, 'CZ0512', 'Jablonec nad Nisou'),
(11, 7, 'CZ0804', 'Nový Jicín'),
(12, 9, 'CZ0713', 'Prostejov'),
(13, 7, 'CZ0801', 'Bruntál'),
(14, 4, 'CZ0645', 'Hodonín'),
(15, 10, 'CZ0633', 'Pelhrimov'),
(16, 10, 'CZ0632', 'Jihlava'),
(17, 11, 'CZ0421', 'Decín'),
(18, 1, 'CZ0411', 'Cheb'),
(19, 3, 'CZ0315', 'Prachatice'),
(20, 2, 'CZ0209', 'Praha-východ'),
(21, 9, 'CZ0712', 'Olomouc'),
(22, 5, 'CZ0521', 'Hradec Králové'),
(23, 10, 'CZ0634', 'Trebíc'),
(24, 12, 'CZ0722', 'Uherské Hradište'),
(25, 4, 'CZ0643', 'Brno-venkov'),
(26, 13, 'CZ0321', 'Domažlice'),
(27, 5, 'CZ0522', 'Jicín'),
(28, 10, 'CZ0631', 'Havlíckuv Brod'),
(29, 2, 'CZ0207', 'Mladá Boleslav'),
(30, 10, 'CZ0635', 'Ždár nad Sázavou'),
(31, 3, 'CZ0317', 'Tábor'),
(32, 6, 'CZ0533', 'Svitavy'),
(33, 3, 'CZ0313', 'Jindrichuv Hradec'),
(34, 4, 'CZ0647', 'Znojmo'),
(35, 6, 'CZ0532', 'Pardubice'),
(36, 2, 'CZ0204', 'Kolín'),
(37, 12, 'CZ0721', 'Kromeríž'),
(38, 7, 'CZ0802', 'Frýdek-Místek'),
(39, 5, 'CZ0525', 'Trutnov'),
(40, 3, 'CZ0316', 'Strakonice'),
(41, 4, 'CZ0644', 'Breclav'),
(42, 2, 'CZ0202', 'Beroun'),
(43, 13, 'CZ0325', 'Plzen-sever'),
(44, 2, 'CZ020C', 'Rakovník'),
(45, 11, 'CZ0425', 'Most'),
(46, 13, 'CZ0322', 'Klatovy'),
(47, 11, 'CZ0423', 'Litomerice'),
(48, 7, 'CZ0805', 'Opava'),
(49, 8, 'CZ0514', 'Semily'),
(50, 9, 'CZ0711', 'Jeseník'),
(51, 2, 'CZ0203', 'Kladno'),
(52, 9, 'CZ0714', 'Prerov'),
(53, 12, 'CZ0724', 'Zlín'),
(54, 2, 'CZ0201', 'Benešov'),
(55, 3, 'CZ0312', 'Ceský Krumlov'),
(56, 13, 'CZ0327', 'Tachov'),
(57, 2, 'CZ0208', 'Nymburk'),
(58, 6, 'CZ0531', 'Chrudim'),
(59, 13, 'CZ0326', 'Rokycany'),
(60, 2, 'CZ020B', 'Príbram'),
(61, 8, 'CZ0511', 'Ceská Lípa'),
(62, 8, 'CZ0513', 'Liberec'),
(63, 11, 'CZ0422', 'Chomutov'),
(64, 11, 'CZ0426', 'Teplice'),
(65, 11, 'CZ0424', 'Louny'),
(66, 13, 'CZ0324', 'Plzen-jih'),
(67, 9, 'CZ0715', 'Šumperk'),
(68, 4, 'CZ0646', 'Vyškov'),
(69, 2, 'CZ020A', 'Praha-západ'),
(70, 12, 'CZ0723', 'Vsetín'),
(71, 4, 'CZ0642', 'Brno-mesto'),
(72, 1, 'CZ0413', 'Sokolov'),
(73, 2, 'CZ0206', 'Melník'),
(74, 7, 'CZ0806', 'Ostrava-mesto'),
(75, 11, 'CZ0427', 'Ústí nad Labem'),
(76, 13, 'CZ0323', 'Plzen-mesto'),
(77, 14, 'CZ0100', 'Praha');

-- --------------------------------------------------------

--
-- Structure de la table `tags`
--

CREATE TABLE `tags` (
  `id` int(11) NOT NULL,
  `title` varchar(191) DEFAULT NULL,
  `created` datetime DEFAULT NULL,
  `modified` datetime DEFAULT NULL
) ENGINE=InnoDB DEFAULT CHARSET=utf8mb4 COLLATE=utf8mb4_0900_ai_ci;

--
-- Déchargement des données de la table `tags`
--

INSERT INTO `tags` (`id`, `title`, `created`, `modified`) VALUES
(1, 'school', '2021-08-30 00:00:00', '2021-08-30 00:00:00'),
(2, 'politics', '2021-08-30 00:00:00', '2021-08-30 00:00:00'),
(3, 'sports', '2021-08-30 00:00:00', '2021-08-30 00:00:00');

-- --------------------------------------------------------

--
-- Structure de la table `users`
--

CREATE TABLE `users` (
  `id` int(11) NOT NULL,
  `uuid` varchar(255) CHARACTER SET utf8mb4 COLLATE utf8mb4_general_ci NOT NULL,
  `email` varchar(255) CHARACTER SET utf8mb4 COLLATE utf8mb4_general_ci NOT NULL,
  `confirmed` tinyint(4) NOT NULL DEFAULT '0',
  `password` varchar(255) CHARACTER SET utf8mb4 COLLATE utf8mb4_general_ci NOT NULL,
  `created` datetime DEFAULT NULL,
  `modified` datetime DEFAULT NULL
) ENGINE=InnoDB DEFAULT CHARSET=utf8mb4 COLLATE=utf8mb4_general_ci;

--
-- Déchargement des données de la table `users`
--

INSERT INTO `users` (`id`, `uuid`, `email`, `confirmed`, `password`, `created`, `modified`) VALUES
(1, '', 'cakephp@example.com', 0, '$2y$10$rN6IMiJcE6avTZz14N9JNuMx2e7na5/BdoOWqFuBZMWHOKWDOpLm.', '2021-08-22 14:29:17', '2021-08-30 10:18:52'),
(2, '', 'admin@admin.com', 0, '$2y$10$h4PPslEYW0paeASzqPfgaO4/dB2AKsQQzrSo2enTYcxk8GCRDCIIW', '2021-08-30 00:00:00', '2021-08-30 10:19:10'),
(4, 'f38f3c8e-0775-4674-b49a-21a37ae66475', 'apilon@cmontmorency.qc.ca', 1, '$2y$10$IOHW3OR6VizHk1.jqRfGYubN4X3rb1X/delMKvWp4vYdEh53AVPSC', '2021-09-12 17:43:12', '2021-09-12 17:44:38');

--
-- Index pour les tables déchargées
--

--
-- Index pour la table `articles`
--
ALTER TABLE `articles`
  ADD PRIMARY KEY (`id`),
  ADD UNIQUE KEY `slug` (`slug`),
  ADD KEY `user_key` (`user_id`),
  ADD KEY `Articles_obec_city` (`obec_city_id`);

--
-- Index pour la table `articles_tags`
--
ALTER TABLE `articles_tags`
  ADD PRIMARY KEY (`article_id`,`tag_id`),
  ADD KEY `tag_key` (`tag_id`);

--
-- Index pour la table `i18n`
--
ALTER TABLE `i18n`
  ADD PRIMARY KEY (`id`),
  ADD UNIQUE KEY `I18N_LOCALE_FIELD` (`locale`,`model`,`foreign_key`,`field`),
  ADD KEY `I18N_FIELD` (`model`,`foreign_key`,`field`);

--
-- Index pour la table `kraj_regions`
--
ALTER TABLE `kraj_regions`
  ADD PRIMARY KEY (`id`);

--
-- Index pour la table `obec_cities`
--
ALTER TABLE `obec_cities`
  ADD PRIMARY KEY (`id`),
  ADD KEY `kraj_region_id` (`kraj_region_id`),
  ADD KEY `okres_county_id` (`okres_county_id`);

--
-- Index pour la table `okres_counties`
--
ALTER TABLE `okres_counties`
  ADD PRIMARY KEY (`id`),
  ADD KEY `kraj_region_id` (`kraj_region_id`);

--
-- Index pour la table `tags`
--
ALTER TABLE `tags`
  ADD PRIMARY KEY (`id`),
  ADD UNIQUE KEY `title` (`title`);

--
-- Index pour la table `users`
--
ALTER TABLE `users`
  ADD PRIMARY KEY (`id`),
  ADD KEY `uuid` (`uuid`);

--
-- AUTO_INCREMENT pour les tables déchargées
--

--
-- AUTO_INCREMENT pour la table `articles`
--
ALTER TABLE `articles`
  MODIFY `id` int(11) NOT NULL AUTO_INCREMENT, AUTO_INCREMENT=22;

--
-- AUTO_INCREMENT pour la table `i18n`
--
ALTER TABLE `i18n`
  MODIFY `id` int(11) NOT NULL AUTO_INCREMENT, AUTO_INCREMENT=8;

--
-- AUTO_INCREMENT pour la table `kraj_regions`
--
ALTER TABLE `kraj_regions`
  MODIFY `id` int(11) NOT NULL AUTO_INCREMENT COMMENT 'ID kraj_regione', AUTO_INCREMENT=15;

--
-- AUTO_INCREMENT pour la table `obec_cities`
--
ALTER TABLE `obec_cities`
  MODIFY `id` int(11) NOT NULL AUTO_INCREMENT COMMENT 'ID obce', AUTO_INCREMENT=6255;

--
-- AUTO_INCREMENT pour la table `okres_counties`
--
ALTER TABLE `okres_counties`
  MODIFY `id` int(11) NOT NULL AUTO_INCREMENT COMMENT 'ID okres_countyu', AUTO_INCREMENT=78;

--
-- AUTO_INCREMENT pour la table `tags`
--
ALTER TABLE `tags`
  MODIFY `id` int(11) NOT NULL AUTO_INCREMENT, AUTO_INCREMENT=4;

--
-- AUTO_INCREMENT pour la table `users`
--
ALTER TABLE `users`
  MODIFY `id` int(11) NOT NULL AUTO_INCREMENT, AUTO_INCREMENT=5;

--
-- Contraintes pour les tables déchargées
--

--
-- Contraintes pour la table `articles`
--
ALTER TABLE `articles`
  ADD CONSTRAINT `Articles_obec_city` FOREIGN KEY (`obec_city_id`) REFERENCES `obec_cities` (`id`) ON DELETE RESTRICT ON UPDATE RESTRICT,
  ADD CONSTRAINT `articles_ibfk_1` FOREIGN KEY (`user_id`) REFERENCES `users` (`id`);

--
-- Contraintes pour la table `articles_tags`
--
ALTER TABLE `articles_tags`
  ADD CONSTRAINT `articles_tags_ibfk_1` FOREIGN KEY (`tag_id`) REFERENCES `tags` (`id`),
  ADD CONSTRAINT `articles_tags_ibfk_2` FOREIGN KEY (`article_id`) REFERENCES `articles` (`id`);

--
-- Contraintes pour la table `obec_cities`
--
ALTER TABLE `obec_cities`
  ADD CONSTRAINT `obec_city_ibfk_1` FOREIGN KEY (`kraj_region_id`) REFERENCES `kraj_regions` (`id`),
  ADD CONSTRAINT `obec_city_ibfk_2` FOREIGN KEY (`okres_county_id`) REFERENCES `okres_counties` (`id`);

--
-- Contraintes pour la table `okres_counties`
--
ALTER TABLE `okres_counties`
  ADD CONSTRAINT `okres_county_ibfk_1` FOREIGN KEY (`kraj_region_id`) REFERENCES `kraj_regions` (`id`);
COMMIT;

/*!40101 SET CHARACTER_SET_CLIENT=@OLD_CHARACTER_SET_CLIENT */;
/*!40101 SET CHARACTER_SET_RESULTS=@OLD_CHARACTER_SET_RESULTS */;
/*!40101 SET COLLATION_CONNECTION=@OLD_COLLATION_CONNECTION */;
